timestamp,experiment_id,model,parameter_changed,parameter_value,cycle,prompt,temperature,top_p,top_k,min_p,num_ctx,num_predict,repeat_penalty,response,total_duration_s,wall_time_s,load_duration_s,prompt_eval_count,eval_count,eval_duration_s,tokens_per_second,response_chars,notes
2026-06-02T16:47:51.772907,variacion_parametros,llama3.2:3b,temperature,0.0,1,Explica en máximo 120 palabras qué es un sensor ultrasónico y cómo podría usarse en un robot móvil educativo.,0.0,0.9,40,0.0,4096,160,1.1,"Un sensor ultrasónico es un dispositivo que emite ondas sonoras de alta frecuencia y mide el tiempo que tardan en ser reflejadas por un objeto cercano. Esto permite medir la distancia entre el sensor y el objeto. En un robot móvil educativo, un sensor ultrasónico podría usarse para detectar obstáculos y evitar colisiones. También podría utilizarse para controlar la velocidad del robot o para realizar tareas como ""caminar"" alrededor de un espacio. Además, puede ser utilizado para medir la distancia entre el robot y un objetivo, lo que permite a los estudiantes aprender sobre conceptos como la trigonometría y la geometría espacial.",4.3338284,6.3912371,2.686184,52,150,1.4689838,102.1114051768304,637,
2026-06-02T16:47:58.165019,variacion_parametros,llama3.2:3b,temperature,0.0,2,Explica en máximo 120 palabras qué es un sensor ultrasónico y cómo podría usarse en un robot móvil educativo.,0.0,0.9,40,0.0,4096,160,1.1,"Un sensor ultrasónico es un dispositivo que emite ondas sonoras de alta frecuencia y mide el tiempo que tardan en ser reflejadas por un objeto cercano. Este tiempo se utiliza para calcular la distancia entre el sensor y el objeto.

En un robot móvil educativo, un sensor ultrasónico podría usarse para detectar obstáculos y evitar colisiones. El sensor puede emitir ondas sonoras y medir el tiempo que tardan en ser reflejadas por un objeto, lo que permite al robot calcular la distancia a ese objeto. Esto permite al robot moverse de manera segura y predecible, lo que es especialmente útil en entornos con obstáculos o en áreas con mucha actividad humana.",1.8476516,3.908233499999999,0.156997,52,159,1.5193248,104.65175056709403,657,
2026-06-02T16:48:02.073555,variacion_parametros,llama3.2:3b,temperature,0.0,3,Explica en máximo 120 palabras qué es un sensor ultrasónico y cómo podría usarse en un robot móvil educativo.,0.0,0.9,40,0.0,4096,160,1.1,"Un sensor ultrasónico es un dispositivo que emite ondas sonoras de alta frecuencia y mide el tiempo que tardan en ser reflejadas por un objeto cercano. Este tiempo se utiliza para calcular la distancia entre el sensor y el objeto.

En un robot móvil educativo, un sensor ultrasónico podría usarse para detectar obstáculos y evitar colisiones. El sensor puede emitir ondas sonoras y medir el tiempo que tardan en ser reflejadas por un objeto, lo que permite al robot calcular la distancia a ese objeto. Esto permite al robot moverse de manera segura y predecible, lo que es especialmente útil en entornos con obstáculos o en áreas con mucha actividad humana.",1.9798418,4.0488377,0.1530152,52,159,1.6384055,97.04557266195701,657,
2026-06-02T16:48:06.122886,variacion_parametros,llama3.2:3b,temperature,0.0,4,Explica en máximo 120 palabras qué es un sensor ultrasónico y cómo podría usarse en un robot móvil educativo.,0.0,0.9,40,0.0,4096,160,1.1,"Un sensor ultrasónico es un dispositivo que emite ondas sonoras de alta frecuencia y mide el tiempo que tardan en ser reflejadas por un objeto cercano. Este tiempo se utiliza para calcular la distancia entre el sensor y el objeto.

En un robot móvil educativo, un sensor ultrasónico podría usarse para detectar obstáculos y evitar colisiones. El sensor puede emitir ondas sonoras y medir el tiempo que tardan en ser reflejadas por un objeto, lo que permite al robot calcular la distancia a ese objeto. Esto permite al robot moverse de manera segura y predecible, lo que es especialmente útil en entornos con obstáculos o en áreas con mucha actividad humana.",2.0158848,4.086423200000002,0.1462541,52,159,1.6899039,94.08819045864087,657,
2026-06-02T16:48:10.209503,variacion_parametros,llama3.2:3b,temperature,0.0,5,Explica en máximo 120 palabras qué es un sensor ultrasónico y cómo podría usarse en un robot móvil educativo.,0.0,0.9,40,0.0,4096,160,1.1,"Un sensor ultrasónico es un dispositivo que emite ondas sonoras de alta frecuencia y mide el tiempo que tardan en ser reflejadas por un objeto cercano. Este tiempo se utiliza para calcular la distancia entre el sensor y el objeto.

En un robot móvil educativo, un sensor ultrasónico podría usarse para detectar obstáculos y evitar colisiones. El sensor puede emitir ondas sonoras y medir el tiempo que tardan en ser reflejadas por un objeto, lo que permite al robot calcular la distancia a ese objeto. Esto permite al robot moverse de manera segura y predecible, lo que es especialmente útil en entornos con obstáculos o en áreas con mucha actividad humana.",2.0333506,4.0717718000000005,0.1470772,52,159,1.6965189,93.72132547418127,657,
2026-06-02T16:48:14.281980,variacion_parametros,llama3.2:3b,temperature,0.0,6,Explica en máximo 120 palabras qué es un sensor ultrasónico y cómo podría usarse en un robot móvil educativo.,0.0,0.9,40,0.0,4096,160,1.1,"Un sensor ultrasónico es un dispositivo que emite ondas sonoras de alta frecuencia y mide el tiempo que tardan en ser reflejadas por un objeto cercano. Este tiempo se utiliza para calcular la distancia entre el sensor y el objeto.

En un robot móvil educativo, un sensor ultrasónico podría usarse para detectar obstáculos y evitar colisiones. El sensor puede emitir ondas sonoras y medir el tiempo que tardan en ser reflejadas por un objeto, lo que permite al robot calcular la distancia a ese objeto. Esto permite al robot moverse de manera segura y predecible, lo que es especialmente útil en entornos con obstáculos o en áreas con mucha actividad humana.",1.9744437,4.0359918000000015,0.1514559,52,159,1.6362352,97.17429376901316,657,
2026-06-02T16:48:18.318219,variacion_parametros,llama3.2:3b,temperature,0.0,7,Explica en máximo 120 palabras qué es un sensor ultrasónico y cómo podría usarse en un robot móvil educativo.,0.0,0.9,40,0.0,4096,160,1.1,"Un sensor ultrasónico es un dispositivo que emite ondas sonoras de alta frecuencia y mide el tiempo que tardan en ser reflejadas por un objeto cercano. Este tiempo se utiliza para calcular la distancia entre el sensor y el objeto.

En un robot móvil educativo, un sensor ultrasónico podría usarse para detectar obstáculos y evitar colisiones. El sensor puede emitir ondas sonoras y medir el tiempo que tardan en ser reflejadas por un objeto, lo que permite al robot calcular la distancia a ese objeto. Esto permite al robot moverse de manera segura y predecible, lo que es especialmente útil en entornos con obstáculos o en áreas con mucha actividad humana.",2.0358109,4.0954324,0.1491072,52,159,1.6896471,94.10249039577555,657,
2026-06-02T16:48:22.414291,variacion_parametros,llama3.2:3b,temperature,0.0,8,Explica en máximo 120 palabras qué es un sensor ultrasónico y cómo podría usarse en un robot móvil educativo.,0.0,0.9,40,0.0,4096,160,1.1,"Un sensor ultrasónico es un dispositivo que emite ondas sonoras de alta frecuencia y mide el tiempo que tardan en ser reflejadas por un objeto cercano. Este tiempo se utiliza para calcular la distancia entre el sensor y el objeto.

En un robot móvil educativo, un sensor ultrasónico podría usarse para detectar obstáculos y evitar colisiones. El sensor puede emitir ondas sonoras y medir el tiempo que tardan en ser reflejadas por un objeto, lo que permite al robot calcular la distancia a ese objeto. Esto permite al robot moverse de manera segura y predecible, lo que es especialmente útil en entornos con obstáculos o en áreas con mucha actividad humana.",2.0130375,4.0635411999999995,0.143746,52,159,1.6821883,94.5197395559106,657,
2026-06-02T16:48:26.478053,variacion_parametros,llama3.2:3b,temperature,0.0,9,Explica en máximo 120 palabras qué es un sensor ultrasónico y cómo podría usarse en un robot móvil educativo.,0.0,0.9,40,0.0,4096,160,1.1,"Un sensor ultrasónico es un dispositivo que emite ondas sonoras de alta frecuencia y mide el tiempo que tardan en ser reflejadas por un objeto cercano. Este tiempo se utiliza para calcular la distancia entre el sensor y el objeto.

En un robot móvil educativo, un sensor ultrasónico podría usarse para detectar obstáculos y evitar colisiones. El sensor puede emitir ondas sonoras y medir el tiempo que tardan en ser reflejadas por un objeto, lo que permite al robot calcular la distancia a ese objeto. Esto permite al robot moverse de manera segura y predecible, lo que es especialmente útil en entornos con obstáculos o en áreas con mucha actividad humana.",1.9791838,4.036991899999997,0.1466565,52,159,1.6447737,96.66983366769544,657,
2026-06-02T16:48:30.515566,variacion_parametros,llama3.2:3b,temperature,0.0,10,Explica en máximo 120 palabras qué es un sensor ultrasónico y cómo podría usarse en un robot móvil educativo.,0.0,0.9,40,0.0,4096,160,1.1,"Un sensor ultrasónico es un dispositivo que emite ondas sonoras de alta frecuencia y mide el tiempo que tardan en ser reflejadas por un objeto cercano. Este tiempo se utiliza para calcular la distancia entre el sensor y el objeto.

En un robot móvil educativo, un sensor ultrasónico podría usarse para detectar obstáculos y evitar colisiones. El sensor puede emitir ondas sonoras y medir el tiempo que tardan en ser reflejadas por un objeto, lo que permite al robot calcular la distancia a ese objeto. Esto permite al robot moverse de manera segura y predecible, lo que es especialmente útil en entornos con obstáculos o en áreas con mucha actividad humana.",2.0257302,4.077139199999998,0.1459716,52,159,1.6984353,93.61557664280764,657,
2026-06-02T16:48:34.593103,variacion_parametros,llama3.2:3b,temperature,0.0,11,Explica en máximo 120 palabras qué es un sensor ultrasónico y cómo podría usarse en un robot móvil educativo.,0.0,0.9,40,0.0,4096,160,1.1,"Un sensor ultrasónico es un dispositivo que emite ondas sonoras de alta frecuencia y mide el tiempo que tardan en ser reflejadas por un objeto cercano. Este tiempo se utiliza para calcular la distancia entre el sensor y el objeto.

En un robot móvil educativo, un sensor ultrasónico podría usarse para detectar obstáculos y evitar colisiones. El sensor puede emitir ondas sonoras y medir el tiempo que tardan en ser reflejadas por un objeto, lo que permite al robot calcular la distancia a ese objeto. Esto permite al robot moverse de manera segura y predecible, lo que es especialmente útil en entornos con obstáculos o en áreas con mucha actividad humana.",2.0293049,4.087950499999998,0.1474344,52,159,1.701396,93.45267063047051,657,
2026-06-02T16:48:38.681400,variacion_parametros,llama3.2:3b,temperature,0.0,12,Explica en máximo 120 palabras qué es un sensor ultrasónico y cómo podría usarse en un robot móvil educativo.,0.0,0.9,40,0.0,4096,160,1.1,"Un sensor ultrasónico es un dispositivo que emite ondas sonoras de alta frecuencia y mide el tiempo que tardan en ser reflejadas por un objeto cercano. Este tiempo se utiliza para calcular la distancia entre el sensor y el objeto.

En un robot móvil educativo, un sensor ultrasónico podría usarse para detectar obstáculos y evitar colisiones. El sensor puede emitir ondas sonoras y medir el tiempo que tardan en ser reflejadas por un objeto, lo que permite al robot calcular la distancia a ese objeto. Esto permite al robot moverse de manera segura y predecible, lo que es especialmente útil en entornos con obstáculos o en áreas con mucha actividad humana.",1.9930885,4.021807799999998,0.1584251,52,159,1.6585192,95.86865198786967,657,
2026-06-02T16:48:42.703391,variacion_parametros,llama3.2:3b,temperature,0.0,13,Explica en máximo 120 palabras qué es un sensor ultrasónico y cómo podría usarse en un robot móvil educativo.,0.0,0.9,40,0.0,4096,160,1.1,"Un sensor ultrasónico es un dispositivo que emite ondas sonoras de alta frecuencia y mide el tiempo que tardan en ser reflejadas por un objeto cercano. Este tiempo se utiliza para calcular la distancia entre el sensor y el objeto.

En un robot móvil educativo, un sensor ultrasónico podría usarse para detectar obstáculos y evitar colisiones. El sensor puede emitir ondas sonoras y medir el tiempo que tardan en ser reflejadas por un objeto, lo que permite al robot calcular la distancia a ese objeto. Esto permite al robot moverse de manera segura y predecible, lo que es especialmente útil en entornos con obstáculos o en áreas con mucha actividad humana.",1.9655372,4.014097799999995,0.1495455,52,159,1.6209177,98.09258051781408,657,
2026-06-02T16:48:46.718060,variacion_parametros,llama3.2:3b,temperature,0.0,14,Explica en máximo 120 palabras qué es un sensor ultrasónico y cómo podría usarse en un robot móvil educativo.,0.0,0.9,40,0.0,4096,160,1.1,"Un sensor ultrasónico es un dispositivo que emite ondas sonoras de alta frecuencia y mide el tiempo que tardan en ser reflejadas por un objeto cercano. Este tiempo se utiliza para calcular la distancia entre el sensor y el objeto.

En un robot móvil educativo, un sensor ultrasónico podría usarse para detectar obstáculos y evitar colisiones. El sensor puede emitir ondas sonoras y medir el tiempo que tardan en ser reflejadas por un objeto, lo que permite al robot calcular la distancia a ese objeto. Esto permite al robot moverse de manera segura y predecible, lo que es especialmente útil en entornos con obstáculos o en áreas con mucha actividad humana.",2.0473322,4.121801499999997,0.1612512,52,159,1.6881613,94.18531274233096,657,
2026-06-02T16:48:50.840210,variacion_parametros,llama3.2:3b,temperature,0.0,15,Explica en máximo 120 palabras qué es un sensor ultrasónico y cómo podría usarse en un robot móvil educativo.,0.0,0.9,40,0.0,4096,160,1.1,"Un sensor ultrasónico es un dispositivo que emite ondas sonoras de alta frecuencia y mide el tiempo que tardan en ser reflejadas por un objeto cercano. Este tiempo se utiliza para calcular la distancia entre el sensor y el objeto.

En un robot móvil educativo, un sensor ultrasónico podría usarse para detectar obstáculos y evitar colisiones. El sensor puede emitir ondas sonoras y medir el tiempo que tardan en ser reflejadas por un objeto, lo que permite al robot calcular la distancia a ese objeto. Esto permite al robot moverse de manera segura y predecible, lo que es especialmente útil en entornos con obstáculos o en áreas con mucha actividad humana.",2.0455099,4.086596,0.1638701,52,159,1.637725,97.08589659436107,657,
2026-06-02T16:48:54.926870,variacion_parametros,llama3.2:3b,temperature,0.0,16,Explica en máximo 120 palabras qué es un sensor ultrasónico y cómo podría usarse en un robot móvil educativo.,0.0,0.9,40,0.0,4096,160,1.1,"Un sensor ultrasónico es un dispositivo que emite ondas sonoras de alta frecuencia y mide el tiempo que tardan en ser reflejadas por un objeto cercano. Este tiempo se utiliza para calcular la distancia entre el sensor y el objeto.

En un robot móvil educativo, un sensor ultrasónico podría usarse para detectar obstáculos y evitar colisiones. El sensor puede emitir ondas sonoras y medir el tiempo que tardan en ser reflejadas por un objeto, lo que permite al robot calcular la distancia a ese objeto. Esto permite al robot moverse de manera segura y predecible, lo que es especialmente útil en entornos con obstáculos o en áreas con mucha actividad humana.",2.0429092,4.077303200000003,0.1534417,52,159,1.6871171,94.24360644557511,657,
2026-06-02T16:48:59.004749,variacion_parametros,llama3.2:3b,temperature,0.0,17,Explica en máximo 120 palabras qué es un sensor ultrasónico y cómo podría usarse en un robot móvil educativo.,0.0,0.9,40,0.0,4096,160,1.1,"Un sensor ultrasónico es un dispositivo que emite ondas sonoras de alta frecuencia y mide el tiempo que tardan en ser reflejadas por un objeto cercano. Este tiempo se utiliza para calcular la distancia entre el sensor y el objeto.

En un robot móvil educativo, un sensor ultrasónico podría usarse para detectar obstáculos y evitar colisiones. El sensor puede emitir ondas sonoras y medir el tiempo que tardan en ser reflejadas por un objeto, lo que permite al robot calcular la distancia a ese objeto. Esto permite al robot moverse de manera segura y predecible, lo que es especialmente útil en entornos con obstáculos o en áreas con mucha actividad humana.",2.0353018,4.0819595999999905,0.160334,52,159,1.6811951,94.57557900329354,657,
2026-06-02T16:49:03.087351,variacion_parametros,llama3.2:3b,temperature,0.0,18,Explica en máximo 120 palabras qué es un sensor ultrasónico y cómo podría usarse en un robot móvil educativo.,0.0,0.9,40,0.0,4096,160,1.1,"Un sensor ultrasónico es un dispositivo que emite ondas sonoras de alta frecuencia y mide el tiempo que tardan en ser reflejadas por un objeto cercano. Este tiempo se utiliza para calcular la distancia entre el sensor y el objeto.

En un robot móvil educativo, un sensor ultrasónico podría usarse para detectar obstáculos y evitar colisiones. El sensor puede emitir ondas sonoras y medir el tiempo que tardan en ser reflejadas por un objeto, lo que permite al robot calcular la distancia a ese objeto. Esto permite al robot moverse de manera segura y predecible, lo que es especialmente útil en entornos con obstáculos o en áreas con mucha actividad humana.",2.0338693,4.1101259,0.1465056,52,159,1.6965781,93.71805518413801,657,
2026-06-02T16:49:07.197763,variacion_parametros,llama3.2:3b,temperature,0.0,19,Explica en máximo 120 palabras qué es un sensor ultrasónico y cómo podría usarse en un robot móvil educativo.,0.0,0.9,40,0.0,4096,160,1.1,"Un sensor ultrasónico es un dispositivo que emite ondas sonoras de alta frecuencia y mide el tiempo que tardan en ser reflejadas por un objeto cercano. Este tiempo se utiliza para calcular la distancia entre el sensor y el objeto.

En un robot móvil educativo, un sensor ultrasónico podría usarse para detectar obstáculos y evitar colisiones. El sensor puede emitir ondas sonoras y medir el tiempo que tardan en ser reflejadas por un objeto, lo que permite al robot calcular la distancia a ese objeto. Esto permite al robot moverse de manera segura y predecible, lo que es especialmente útil en entornos con obstáculos o en áreas con mucha actividad humana.",2.0239099,4.0803382,0.1479585,52,159,1.6935808,93.8839174369478,657,
2026-06-02T16:49:11.278506,variacion_parametros,llama3.2:3b,temperature,0.0,20,Explica en máximo 120 palabras qué es un sensor ultrasónico y cómo podría usarse en un robot móvil educativo.,0.0,0.9,40,0.0,4096,160,1.1,"Un sensor ultrasónico es un dispositivo que emite ondas sonoras de alta frecuencia y mide el tiempo que tardan en ser reflejadas por un objeto cercano. Este tiempo se utiliza para calcular la distancia entre el sensor y el objeto.

En un robot móvil educativo, un sensor ultrasónico podría usarse para detectar obstáculos y evitar colisiones. El sensor puede emitir ondas sonoras y medir el tiempo que tardan en ser reflejadas por un objeto, lo que permite al robot calcular la distancia a ese objeto. Esto permite al robot moverse de manera segura y predecible, lo que es especialmente útil en entornos con obstáculos o en áreas con mucha actividad humana.",1.9850311,4.020830400000008,0.1440983,52,159,1.6609769,95.72679788623189,657,
2026-06-02T16:49:15.299891,variacion_parametros,llama3.2:3b,temperature,0.0,21,Explica en máximo 120 palabras qué es un sensor ultrasónico y cómo podría usarse en un robot móvil educativo.,0.0,0.9,40,0.0,4096,160,1.1,"Un sensor ultrasónico es un dispositivo que emite ondas sonoras de alta frecuencia y mide el tiempo que tardan en ser reflejadas por un objeto cercano. Este tiempo se utiliza para calcular la distancia entre el sensor y el objeto.

En un robot móvil educativo, un sensor ultrasónico podría usarse para detectar obstáculos y evitar colisiones. El sensor puede emitir ondas sonoras y medir el tiempo que tardan en ser reflejadas por un objeto, lo que permite al robot calcular la distancia a ese objeto. Esto permite al robot moverse de manera segura y predecible, lo que es especialmente útil en entornos con obstáculos o en áreas con mucha actividad humana.",2.0575733,4.10202670000001,0.1673583,52,159,1.7004891,93.50251054240806,657,
2026-06-02T16:49:19.402268,variacion_parametros,llama3.2:3b,temperature,0.0,22,Explica en máximo 120 palabras qué es un sensor ultrasónico y cómo podría usarse en un robot móvil educativo.,0.0,0.9,40,0.0,4096,160,1.1,"Un sensor ultrasónico es un dispositivo que emite ondas sonoras de alta frecuencia y mide el tiempo que tardan en ser reflejadas por un objeto cercano. Este tiempo se utiliza para calcular la distancia entre el sensor y el objeto.

En un robot móvil educativo, un sensor ultrasónico podría usarse para detectar obstáculos y evitar colisiones. El sensor puede emitir ondas sonoras y medir el tiempo que tardan en ser reflejadas por un objeto, lo que permite al robot calcular la distancia a ese objeto. Esto permite al robot moverse de manera segura y predecible, lo que es especialmente útil en entornos con obstáculos o en áreas con mucha actividad humana.",2.0377896,4.088134799999992,0.1590693,52,159,1.6926328,93.93649939904273,657,
2026-06-02T16:49:23.490456,variacion_parametros,llama3.2:3b,temperature,0.0,23,Explica en máximo 120 palabras qué es un sensor ultrasónico y cómo podría usarse en un robot móvil educativo.,0.0,0.9,40,0.0,4096,160,1.1,"Un sensor ultrasónico es un dispositivo que emite ondas sonoras de alta frecuencia y mide el tiempo que tardan en ser reflejadas por un objeto cercano. Este tiempo se utiliza para calcular la distancia entre el sensor y el objeto.

En un robot móvil educativo, un sensor ultrasónico podría usarse para detectar obstáculos y evitar colisiones. El sensor puede emitir ondas sonoras y medir el tiempo que tardan en ser reflejadas por un objeto, lo que permite al robot calcular la distancia a ese objeto. Esto permite al robot moverse de manera segura y predecible, lo que es especialmente útil en entornos con obstáculos o en áreas con mucha actividad humana.",2.042931,4.113614499999997,0.1598242,52,159,1.699751,93.543113079504,657,
2026-06-02T16:49:27.604780,variacion_parametros,llama3.2:3b,temperature,0.0,24,Explica en máximo 120 palabras qué es un sensor ultrasónico y cómo podría usarse en un robot móvil educativo.,0.0,0.9,40,0.0,4096,160,1.1,"Un sensor ultrasónico es un dispositivo que emite ondas sonoras de alta frecuencia y mide el tiempo que tardan en ser reflejadas por un objeto cercano. Este tiempo se utiliza para calcular la distancia entre el sensor y el objeto.

En un robot móvil educativo, un sensor ultrasónico podría usarse para detectar obstáculos y evitar colisiones. El sensor puede emitir ondas sonoras y medir el tiempo que tardan en ser reflejadas por un objeto, lo que permite al robot calcular la distancia a ese objeto. Esto permite al robot moverse de manera segura y predecible, lo que es especialmente útil en entornos con obstáculos o en áreas con mucha actividad humana.",2.0098794,4.067727000000005,0.1542376,52,159,1.6738061,94.99308193463986,657,
2026-06-02T16:49:31.672899,variacion_parametros,llama3.2:3b,temperature,0.0,25,Explica en máximo 120 palabras qué es un sensor ultrasónico y cómo podría usarse en un robot móvil educativo.,0.0,0.9,40,0.0,4096,160,1.1,"Un sensor ultrasónico es un dispositivo que emite ondas sonoras de alta frecuencia y mide el tiempo que tardan en ser reflejadas por un objeto cercano. Este tiempo se utiliza para calcular la distancia entre el sensor y el objeto.

En un robot móvil educativo, un sensor ultrasónico podría usarse para detectar obstáculos y evitar colisiones. El sensor puede emitir ondas sonoras y medir el tiempo que tardan en ser reflejadas por un objeto, lo que permite al robot calcular la distancia a ese objeto. Esto permite al robot moverse de manera segura y predecible, lo que es especialmente útil en entornos con obstáculos o en áreas con mucha actividad humana.",1.9803325,4.017736200000002,0.1554336,52,159,1.6411217,96.8849537484027,657,
2026-06-02T16:49:35.690825,variacion_parametros,llama3.2:3b,temperature,0.0,26,Explica en máximo 120 palabras qué es un sensor ultrasónico y cómo podría usarse en un robot móvil educativo.,0.0,0.9,40,0.0,4096,160,1.1,"Un sensor ultrasónico es un dispositivo que emite ondas sonoras de alta frecuencia y mide el tiempo que tardan en ser reflejadas por un objeto cercano. Este tiempo se utiliza para calcular la distancia entre el sensor y el objeto.

En un robot móvil educativo, un sensor ultrasónico podría usarse para detectar obstáculos y evitar colisiones. El sensor puede emitir ondas sonoras y medir el tiempo que tardan en ser reflejadas por un objeto, lo que permite al robot calcular la distancia a ese objeto. Esto permite al robot moverse de manera segura y predecible, lo que es especialmente útil en entornos con obstáculos o en áreas con mucha actividad humana.",1.9510061,4.000100000000003,0.1447032,52,159,1.6229783,97.96803814320869,657,
2026-06-02T16:49:39.691582,variacion_parametros,llama3.2:3b,temperature,0.0,27,Explica en máximo 120 palabras qué es un sensor ultrasónico y cómo podría usarse en un robot móvil educativo.,0.0,0.9,40,0.0,4096,160,1.1,"Un sensor ultrasónico es un dispositivo que emite ondas sonoras de alta frecuencia y mide el tiempo que tardan en ser reflejadas por un objeto cercano. Este tiempo se utiliza para calcular la distancia entre el sensor y el objeto.

En un robot móvil educativo, un sensor ultrasónico podría usarse para detectar obstáculos y evitar colisiones. El sensor puede emitir ondas sonoras y medir el tiempo que tardan en ser reflejadas por un objeto, lo que permite al robot calcular la distancia a ese objeto. Esto permite al robot moverse de manera segura y predecible, lo que es especialmente útil en entornos con obstáculos o en áreas con mucha actividad humana.",2.0207014,4.074623599999995,0.1480658,52,159,1.6831474,94.46587981539822,657,
2026-06-02T16:49:43.766401,variacion_parametros,llama3.2:3b,temperature,0.0,28,Explica en máximo 120 palabras qué es un sensor ultrasónico y cómo podría usarse en un robot móvil educativo.,0.0,0.9,40,0.0,4096,160,1.1,"Un sensor ultrasónico es un dispositivo que emite ondas sonoras de alta frecuencia y mide el tiempo que tardan en ser reflejadas por un objeto cercano. Este tiempo se utiliza para calcular la distancia entre el sensor y el objeto.

En un robot móvil educativo, un sensor ultrasónico podría usarse para detectar obstáculos y evitar colisiones. El sensor puede emitir ondas sonoras y medir el tiempo que tardan en ser reflejadas por un objeto, lo que permite al robot calcular la distancia a ese objeto. Esto permite al robot moverse de manera segura y predecible, lo que es especialmente útil en entornos con obstáculos o en áreas con mucha actividad humana.",2.0440471,4.081826599999999,0.143787,52,159,1.7115627,92.89756080802648,657,
2026-06-02T16:49:47.848503,variacion_parametros,llama3.2:3b,temperature,0.0,29,Explica en máximo 120 palabras qué es un sensor ultrasónico y cómo podría usarse en un robot móvil educativo.,0.0,0.9,40,0.0,4096,160,1.1,"Un sensor ultrasónico es un dispositivo que emite ondas sonoras de alta frecuencia y mide el tiempo que tardan en ser reflejadas por un objeto cercano. Este tiempo se utiliza para calcular la distancia entre el sensor y el objeto.

En un robot móvil educativo, un sensor ultrasónico podría usarse para detectar obstáculos y evitar colisiones. El sensor puede emitir ondas sonoras y medir el tiempo que tardan en ser reflejadas por un objeto, lo que permite al robot calcular la distancia a ese objeto. Esto permite al robot moverse de manera segura y predecible, lo que es especialmente útil en entornos con obstáculos o en áreas con mucha actividad humana.",2.0133988,4.062882099999996,0.1604455,52,159,1.6563546,95.99393753004338,657,
2026-06-02T16:49:51.911559,variacion_parametros,llama3.2:3b,temperature,0.0,30,Explica en máximo 120 palabras qué es un sensor ultrasónico y cómo podría usarse en un robot móvil educativo.,0.0,0.9,40,0.0,4096,160,1.1,"Un sensor ultrasónico es un dispositivo que emite ondas sonoras de alta frecuencia y mide el tiempo que tardan en ser reflejadas por un objeto cercano. Este tiempo se utiliza para calcular la distancia entre el sensor y el objeto.

En un robot móvil educativo, un sensor ultrasónico podría usarse para detectar obstáculos y evitar colisiones. El sensor puede emitir ondas sonoras y medir el tiempo que tardan en ser reflejadas por un objeto, lo que permite al robot calcular la distancia a ese objeto. Esto permite al robot moverse de manera segura y predecible, lo que es especialmente útil en entornos con obstáculos o en áreas con mucha actividad humana.",2.0261807,4.077725900000004,0.1581363,52,159,1.6932017,93.90493761020912,657,
2026-06-02T16:49:55.990032,variacion_parametros,llama3.2:3b,temperature,0.7,1,Explica en máximo 120 palabras qué es un sensor ultrasónico y cómo podría usarse en un robot móvil educativo.,0.7,0.9,40,0.0,4096,160,1.1,"Un sensor ultrasónico es un dispositivo que emite ondas de sonido y mide el tiempo que tardan en reflejarse contra un objeto. Esta información se utiliza para calcular la distancia entre el sensor y el objeto.

En un robot móvil educativo, un sensor ultrasónico podría usarse para evitar colisiones con obstáculos o para controlar el movimiento del robot hacia un objetivo específico. Por ejemplo, podría ser utilizado en un sistema de navegación que permita al robot avanzar hacia un punto objetivo mientras evita obstáculos en su camino. También podría ser utilizado en juegos de seguimiento para practicar la coordinación y la atención del estudiante.",1.8515023,3.906310700000006,0.1691512,52,143,1.5155781,94.35343516774226,654,
2026-06-02T16:49:59.896662,variacion_parametros,llama3.2:3b,temperature,0.7,2,Explica en máximo 120 palabras qué es un sensor ultrasónico y cómo podría usarse en un robot móvil educativo.,0.7,0.9,40,0.0,4096,160,1.1,"Un sensor ultrasónico es un dispositivo que emite ondas sonoras ultrasonicas y detecta el tiempo de vuelo entre el objeto que las emite y la superficie o objeto que recibe las ondas. Esto le permite medir la distancia a ese objeto.

En un robot móvil educativo, un sensor ultrasónico podría usarse para evitar obstáculos, mantener una distancia segura con otros objetos o incluso detectar la presencia de personas. También se puede utilizar para seguir una ruta programada y cambiar de dirección si se encuentra con un obstáculo. Esto permite que el robot aprenda a navegar en su entorno y responda a cambios en su ubicación.",1.8892097,3.9497194999999863,0.157918,52,146,1.5623333,93.44996999039834,625,
2026-06-02T16:50:03.846811,variacion_parametros,llama3.2:3b,temperature,0.7,3,Explica en máximo 120 palabras qué es un sensor ultrasónico y cómo podría usarse en un robot móvil educativo.,0.7,0.9,40,0.0,4096,160,1.1,"Un sensor ultrasónico es un dispositivo que emite ondas de sonido a alta frecuencia y mede el tiempo que tardan en regresar. Al detectar la ausencia o presencia de objetos, puede determinar su distancia. Este tipo de sensor se utiliza comúnmente en aplicaciones como la navegación y el seguimiento de movimientos.

En un robot móvil educativo, un sensor ultrasónico podría usarse para crear un sistema de navegación que permita al robot evitar obstáculos y mantenerse a una distancia segura. También podría ser utilizado para detectar cambios en la altura del suelo o la presencia de objetos en el entorno, lo que permitiría al robot adaptarse a diferentes escenarios y mejorar su capacidad de aprendiz",1.9929252,4.044313799999998,0.1516098,52,160,1.6576875,96.52000150812502,702,
2026-06-02T16:50:07.891246,variacion_parametros,llama3.2:3b,temperature,0.7,4,Explica en máximo 120 palabras qué es un sensor ultrasónico y cómo podría usarse en un robot móvil educativo.,0.7,0.9,40,0.0,4096,160,1.1,"Un sensor ultrasonico es una tecnología de detección que utiliza ondas de sonido para detectar objetos a una distancia determinada. Funciona mediante un emisor que produce sonidos y un receptor que detecta el eco regresante. El tiempo entre la emisión del sonido y su recepción se convierte en una medición del tiempo que tardó en viajar desde el sensor hasta el objeto, lo cual se puede utilizar para determinar la distancia.

En un robot móvil educativo, este sensor podría usarse para evitar obstáculos, detectar personas o objetos a una distancia segura y realizar tareas como seguir a un objeto con movimiento suave, permitiendo al robot aprender de las interacciones del usuario.",1.9684504,4.025666699999988,0.150602,52,154,1.6400582,93.89910675121163,685,
2026-06-02T16:50:11.917704,variacion_parametros,llama3.2:3b,temperature,0.7,5,Explica en máximo 120 palabras qué es un sensor ultrasónico y cómo podría usarse en un robot móvil educativo.,0.7,0.9,40,0.0,4096,160,1.1,"Un sensor ultrasónico es un dispositivo que emite ondas de sonido ultrasonicas a alta frecuencia (debajo de 20 kHz) y mide el tiempo de vuelta para detectar objetos cercanos. Cuando se envían las ondas, los objetos que interceptan reflejanlas, lo que permite medir la distancia entre el sensor y el objeto.

En un robot móvil educativo, los sensores ultrasónicos pueden usarse para:

* Medir la distancia a obstáculos
* Evitar chocar con objetos
* Controlar la velocidad del movimiento
* Ajustar la altura de los pasos

Es una herramienta útil para desarrollar habilidades en programación y autonomía en robots.",2.0086374,4.056023600000003,0.1500478,52,158,1.6761704,94.26249264394599,611,
2026-06-02T16:50:15.973828,variacion_parametros,llama3.2:3b,temperature,0.7,6,Explica en máximo 120 palabras qué es un sensor ultrasónico y cómo podría usarse en un robot móvil educativo.,0.7,0.9,40,0.0,4096,160,1.1,"Un sensor ultrasónico es un dispositivo que emite ondas de sonido ultrasonicas y mide el tiempo que tardan en reflejarse en un objeto cercano. Esto permite medir la distancia hasta ese objeto. En un robot móvil educativo, se podría utilizar un sensor ultrasónico para crear una función de ""evitación"" que permita al robot evitar obstáculos y mantenerse a una distancia segura. El sensor podría ser utilizado en conjunción con otros sensores para detectar la presencia y movimiento de objetos en el entorno, lo que ayudaría al robot a navegar de manera más eficiente y seguro.",1.7911727,3.8669038999999827,0.1443846,52,138,1.4776937,93.38877197622213,575,
2026-06-02T16:50:19.841068,variacion_parametros,llama3.2:3b,temperature,0.7,7,Explica en máximo 120 palabras qué es un sensor ultrasónico y cómo podría usarse en un robot móvil educativo.,0.7,0.9,40,0.0,4096,160,1.1,"Un sensor ultrasónico es un dispositivo que emite ondas sonoras ultrasonicas y detecta el tiempo de vuelta para medir la distancia entre él y un objeto cercano. Funciona mediante un transmisor y receptor integrados, que emiten y capturan las ondas sonoras, lo que permite determinar la distancia en función del tiempo de vuelta.

En un robot móvil educativo, el sensor ultrasónico se puede utilizar para:

- Medir la distancia desde la pared o obstáculo.
- Controlar la velocidad del movimiento del robot.
- Evitar colisiones con obstáculos.

Es una herramienta útil y simple para implementar en proyectos de robótica educativos.",1.8872736,3.9576608000000135,0.1488828,52,151,1.5619736,96.67256860167163,629,
2026-06-02T16:50:23.799057,variacion_parametros,llama3.2:3b,temperature,0.7,8,Explica en máximo 120 palabras qué es un sensor ultrasónico y cómo podría usarse en un robot móvil educativo.,0.7,0.9,40,0.0,4096,160,1.1,"Un sensor ultrasónico es un dispositivo que emite ondas ultrasonoras para medir la distancia a objetos cercanos. Funciona detectando el tiempo de vuelo entre la emisión y la reflexión de las ondas. Estos sensores pueden detectar objetos a una distancia de varios metros.

En un robot móvil educativo, el sensor ultrasónico podría usarse para crear una ""cámara"" virtual, permitiendo al robot evitar obstáculos y mantenerse en su camino. También se podría utilizar para detectar la proximidad de otros robots o personas, lo que permitiría a los niños aprender sobre seguridad y resolución de conflictos. Esto agrega una capa adicional de interacción y aprendizaje interactivo al robot.",2.026854,4.073724300000009,0.1519069,52,160,1.693206,94.4952947249183,683,
2026-06-02T16:50:27.873176,variacion_parametros,llama3.2:3b,temperature,0.7,9,Explica en máximo 120 palabras qué es un sensor ultrasónico y cómo podría usarse en un robot móvil educativo.,0.7,0.9,40,0.0,4096,160,1.1,"Un sensor ultrasónico es un dispositivo que emite impulsos de sonido ultrasonicos y mide el tiempo que tardan en reflejarse en objetos cercanos. Este tiempo se convierte en una distancia medida mediante la velocidad del sonido en aire (330 metros por segundo aproximadamente). El sensor ultrasónico puede detectar obstáculos, calcular distancias y realizar tareas de navegación. En un robot móvil educativo, un sensor ultrasónico podría usarse para:

- Evitar colisiones con objetos o paredes.
- Medir la distancia entre el robot y otros elementos.
- Realizar patrones de movimiento seguros.

Este sensor puede ayudar a desarrollar habilidades de navegación y coordinación en robots educativos.",2.0593886,4.109611299999983,0.1773165,52,159,1.7011933,93.46380567099577,694,
2026-06-02T16:50:31.983102,variacion_parametros,llama3.2:3b,temperature,0.7,10,Explica en máximo 120 palabras qué es un sensor ultrasónico y cómo podría usarse en un robot móvil educativo.,0.7,0.9,40,0.0,4096,160,1.1,"Un sensor ultrasónico es un dispositivo que emite ondas sonoras de alta frecuencia y mide el tiempo que tardan en volver a llegar, permitiendo medir la distancia a objetos cercanos. Este sensor se puede utilizar en un robot móvil educativo para detectar obstáculos y evitar chocar contra ellos. La combinación del sensor ultrasónico con cámaras de visión puede permitirle al robot moverse de manera segura y autónoma, mientras que la detección de objetos también puede ser utilizada para realizar tareas como la identificación de personas o la detección de objetos en el entorno.",1.7869566,3.8521683000000166,0.1660593,52,137,1.454344,94.20054677572843,579,
2026-06-02T16:50:35.835026,variacion_parametros,llama3.2:3b,temperature,0.7,11,Explica en máximo 120 palabras qué es un sensor ultrasónico y cómo podría usarse en un robot móvil educativo.,0.7,0.9,40,0.0,4096,160,1.1,"Un sensor ultrasónico es un dispositivo que emite ondas sonoras de alta frecuencia y mede el tiempo que tardan en ser reflejadas por un objeto. Estas ondas se pueden utilizar para determinar la distancia entre el sensor y el objeto.

En un robot móvil educativo, un sensor ultrasónico podría usarse para detectar obstáculos o límites. Por ejemplo, si el robot se acerca demasiado a una pared o un objeto, el sensor ultrasónico puede detectar su presencia y evitar chocar contra ella. Esto permite al robot mantenerse en línea y seguir su ruta de manera segura y autónoma.",1.7961957,3.828435899999988,0.1500292,52,140,1.4767215,94.80460601406561,571,
2026-06-02T16:50:39.664341,variacion_parametros,llama3.2:3b,temperature,0.7,12,Explica en máximo 120 palabras qué es un sensor ultrasónico y cómo podría usarse en un robot móvil educativo.,0.7,0.9,40,0.0,4096,160,1.1,"Un sensor ultrasónico es un dispositivo que emite ondas ultrasonicas de alta frecuencia y detecta los reflejos que reciben cuando chocan con objetos cercanos. Estas ondas se pueden utilizar para medir la distancia entre el sensor y los objetos, lo que permite a los robots determinar su posición y movimiento en el entorno.

En un robot móvil educativo, un sensor ultrasónico podría ser utilizado para crear sensores de obstáculos, permitiendo al robot evitar colisiones con objetos o personas. También se puede utilizar para detectar la presencia de obstáculos y cambiar el camino del robot para evitarlos. Esto puede ser especialmente útil en entornos complicados o desconocidos.",1.932787,3.978212500000012,0.1395423,52,156,1.6107709,96.84803717275996,681,
2026-06-02T16:50:43.642983,variacion_parametros,llama3.2:3b,temperature,0.7,13,Explica en máximo 120 palabras qué es un sensor ultrasónico y cómo podría usarse en un robot móvil educativo.,0.7,0.9,40,0.0,4096,160,1.1,"Un sensor ultrasónico es un dispositivo que emite ondas de ultrasonido y mide el tiempo que tarda en ser reflejadas por un objeto cercano. Esto permite medir la distancia entre el sensor y el objeto.

En un robot móvil educativo, un sensor ultrasónico podría usarse para:

* Medir la distancia a obstáculos o paredes
* Controlar la velocidad del movimiento del robot
* Activar luces o sonidos cuando se acerca a algo

Este sensor es especialmente útil en entornos desconocidos o con objetos móviles, ya que proporciona una respuesta rápida y precisa. También es económico y fácil de instalar.",1.9062559,3.9945936000000017,0.1439759,52,147,1.5884305,92.54418119017483,592,
2026-06-02T16:50:47.637959,variacion_parametros,llama3.2:3b,temperature,0.7,14,Explica en máximo 120 palabras qué es un sensor ultrasónico y cómo podría usarse en un robot móvil educativo.,0.7,0.9,40,0.0,4096,160,1.1,"Un sensor ultrasónico es un dispositivo que emite sonido ultrasonico y mide el tiempo entre el sonido emitido y su reflejo en un objeto cercano. Este tiempo se utiliza para calcular la distancia al objeto.

En un robot móvil educativo, un sensor ultrasónico podría usarse para controlar la velocidad del robot, evitar obstáculos o detectar cambios en el entorno. Por ejemplo, el robot podría usar el sensor ultrasónico para detectar una pared y girar hacia otro lado si se acerca demasiado a ella. Esto permite al robot interactuar con su entorno de manera segura y autónoma.",1.7482042,3.8157433000000083,0.1530892,52,138,1.4190251,97.24986541816631,575,
2026-06-02T16:50:51.453774,variacion_parametros,llama3.2:3b,temperature,0.7,15,Explica en máximo 120 palabras qué es un sensor ultrasónico y cómo podría usarse en un robot móvil educativo.,0.7,0.9,40,0.0,4096,160,1.1,"Un sensor ultrasónico es un dispositivo que emite ondas de sonido ultrasonicas y mide el tiempo que tarda en reflejarse contra un objeto cercano. Esto permite medir la distancia a ese objeto. En un robot móvil educativo, un sensor ultrasónico podría usarse para detectar obstáculos o paredes y evitar chocar con ellos. También podría ser utilizado para controlar el movimiento del robot, permitiéndole seguir una ruta predeterminada o interactuar con objetos en su entorno. Además, puede ser utilizado para medir la altura de un espacio y calcular si el robot puede pasar por debajo de una barandilla.",1.8783206,3.9518792000000076,0.1536642,52,143,1.5584995,91.75492196179724,601,
2026-06-02T16:50:55.406307,variacion_parametros,llama3.2:3b,temperature,0.7,16,Explica en máximo 120 palabras qué es un sensor ultrasónico y cómo podría usarse en un robot móvil educativo.,0.7,0.9,40,0.0,4096,160,1.1,"Un sensor ultrasónico es un dispositivo que emite sonidos de alta frecuencia y medía el tiempo que tardan en ser reflejados por objetos cercanos. Al analizar la diferencia entre el tiempo de emisión y el tiempo de retorno, se puede determinar la distancia a los objetos.

En un robot móvil educativo, un sensor ultrasónico podría usarse para:

* Medir la distancia al suelo o a obstáculos
* Controlar la altura del robot para evitar golpes
* Automatizar movimientos precisos, como levantar objetos de una caja
* Percepción de entorno y navegación en espacios desconocidos

Este sensor es especialmente útil para robots educativos que deben aprender a navegar y interactuar",2.0259006,4.059987500000005,0.1428058,52,160,1.6940936,94.44578504989335,672,
2026-06-02T16:50:59.466368,variacion_parametros,llama3.2:3b,temperature,0.7,17,Explica en máximo 120 palabras qué es un sensor ultrasónico y cómo podría usarse en un robot móvil educativo.,0.7,0.9,40,0.0,4096,160,1.1,"Un sensor ultrasónico es un dispositivo que emite ondas ultrasonoras y detecta las reflejas para medir la distancia a objetos cercanos. Funciona mediante la emitencia de pulso sonoro, que viaja hacia el objeto y se refleja, creando una imagen tridimensional del entorno.

En un robot móvil educativo, un sensor ultrasónico podría usarse para:

- Mantener la seguridad del robot evitando obstáculos
- Medir la distancia a los objetos cercanos
- Controlar el movimiento del robot en espacios estrechos y complejos

Este componente es especialmente útil en robots que operan en entornos desconocidos o con obstáculos, como salas de clase o parques",2.0507183,4.100104099999982,0.1605798,52,160,1.7114325,93.48893397782268,644,
2026-06-02T16:51:03.566678,variacion_parametros,llama3.2:3b,temperature,0.7,18,Explica en máximo 120 palabras qué es un sensor ultrasónico y cómo podría usarse en un robot móvil educativo.,0.7,0.9,40,0.0,4096,160,1.1,"Un sensor ultrasónico es un dispositivo que mide la distancia a través de la medición del tiempo de vuelo de ondas sonoras. Funciona emitiendo una serie de pulso sonoros, y midiendo el tiempo que tardan en regresar para determinar la distancia entre el sensor y un obstáculo.

En un robot móvil educativo, se podría utilizar un sensor ultrasónico para detectar obstáculos y evitar colisiones. Algunas posibilidades de aplicaciones incluyen:

- Evitar obstáculos físicos
- Medir distancia a objetos lejanos
- Controlar el movimiento del robot

Este tipo de sensor es especialmente útil en robots educativos, ya que permite a los estudiantes aprender sobre la programación",2.0203425,4.081743799999998,0.1449579,52,160,1.6893922,94.70861769102521,670,
2026-06-02T16:51:07.648880,variacion_parametros,llama3.2:3b,temperature,0.7,19,Explica en máximo 120 palabras qué es un sensor ultrasónico y cómo podría usarse en un robot móvil educativo.,0.7,0.9,40,0.0,4096,160,1.1,"Un sensor ultrasónico es una tecnología que utiliza ondas de sonido para medir la distancia a un objeto cercano. Funciona enviando impulsos de sonido hacia el aire y midiendo el tiempo que tardan en regresar los reflejos. Esta información se usa para calcular la distancia al objeto.

En un robot móvil educativo, un sensor ultrasónico podría usarse para detectar obstáculos, evitar colisiones y mantener una distancia segura con otros objetos o personas. También puede ser utilizado para realizar tareas como seguir un objeto en movimiento o detectar cambios en el entorno. Esto agrega funcionalidad de seguridad y autonomía a los robots educativos.",1.8357828,3.8776531000000034,0.160336,52,146,1.503618,97.09913023121565,650,
2026-06-02T16:51:11.526947,variacion_parametros,llama3.2:3b,temperature,0.7,20,Explica en máximo 120 palabras qué es un sensor ultrasónico y cómo podría usarse en un robot móvil educativo.,0.7,0.9,40,0.0,4096,160,1.1,"Un sensor ultrasónico es un dispositivo que emite ondas de sonido ultrasonicas y mide el tiempo que tardan en regresar al detector, permitiendo medir la distancia a objetos cercanos. En un robot móvil educativo, se podría utilizar para detectar obstáculos o límites y evitar colisiones. El sensor ultrasónico también podría ser utilizado para medir la altura de una superficie o detectar cambios en el entorno, lo que permitiría al robot ajustar su velocidad o dirección según sea necesario. Esto mejorararía la seguridad y autonomía del robot, haciéndolo más útil para educación y experimentación.",1.8495714,3.920630200000005,0.1477026,52,140,1.5274993,91.65306982464739,598,
2026-06-02T16:51:15.447981,variacion_parametros,llama3.2:3b,temperature,0.7,21,Explica en máximo 120 palabras qué es un sensor ultrasónico y cómo podría usarse en un robot móvil educativo.,0.7,0.9,40,0.0,4096,160,1.1,"Un sensor ultrasónico es una tecnología de detección que utiliza ondas sonoras a alta frecuencia para medir la distancia entre el sensor y un objeto cercano. Los sensores ultrasónicos emiten pulsos de sonido y miden el tiempo que tardan en ser reflejados por un objeto, lo que permite calcular la distancia.

En un robot móvil educativo, los sensores ultrasónicos podrían usarse para detectar obstáculos en el entorno, evitar chocar con paredes o otros objetos, y mantener una distancia segura de personas o animales. También pueden ser utilizados para seguir un sendero o navegar a través de un espacio desordenado.",1.9623364,4.038372500000008,0.1419935,52,153,1.6374563,93.43760807540329,616,
2026-06-02T16:51:19.486981,variacion_parametros,llama3.2:3b,temperature,0.7,22,Explica en máximo 120 palabras qué es un sensor ultrasónico y cómo podría usarse en un robot móvil educativo.,0.7,0.9,40,0.0,4096,160,1.1,"Un sensor ultrasónico es un dispositivo que emite sonidos de alta frecuencia (ultrasonidos) y mide el tiempo que tardan en ser absorbidos por objetos cercanos. Este tiempo se utiliza para calcular la distancia hasta el objeto. En un robot móvil educativo, un sensor ultrasónico podría usarse para evitar obstáculos, detectar objetos a cierta distancia o incluso controlar la velocidad del movimiento de forma independiente. También podría ser utilizado para crear efectos especiales, como ""saltar"" sobre obstáculos o cambiar de dirección rápidamente. Este sensor es ideal para aplicaciones que requieren precisión y flexibilidad en un entorno dinámico.",1.8803502,3.9452456999999868,0.1488061,52,146,1.5643698,93.32831661669766,652,
2026-06-02T16:51:23.432426,variacion_parametros,llama3.2:3b,temperature,0.7,23,Explica en máximo 120 palabras qué es un sensor ultrasónico y cómo podría usarse en un robot móvil educativo.,0.7,0.9,40,0.0,4096,160,1.1,"Un sensor ultrasónico es una tecnología que utiliza ondas de ultrasonido para detectar objetos cercanos. Funciona emitiendo ondas sonoras hacia adelante y midiendo el tiempo que tardan en reflejarse contra una superficie. El sensor utiliza esta información para calcular la distancia entre el robot y el objeto.

En un robot móvil educativo, el sensor ultrasónico podría usarse para detectar obstáculos y evitar colisiones, permitiendo al robot moverse de manera segura y predecible. También podría ser utilizado para seguir una ruta y mantener una distancia constante con un objetivo, como un estudiante que sigue a un robot en un entorno de aprendizaje interactivo.",1.8900719,3.9549756000000116,0.1462652,52,152,1.5641863,97.17512549496182,667,
2026-06-02T16:51:27.387579,variacion_parametros,llama3.2:3b,temperature,0.7,24,Explica en máximo 120 palabras qué es un sensor ultrasónico y cómo podría usarse en un robot móvil educativo.,0.7,0.9,40,0.0,4096,160,1.1,"Un sensor ultrasónico es un dispositivo que emite ondas sonoras de alta frecuencia y mide el tiempo que tardan en regresar a su origen. Al detectar la ausencia o presencia de objetos, puede calcular la distancia entre ellos. En un robot móvil educativo, un sensor ultrasónico podría usarse para permitir al robot evitar obstáculos, seguir una ruta predefinida o detectar cambios en el entorno. Por ejemplo, podrían programar a un robot para ""pasear"" por una sala de clase y evitar chocar contra las paredes o objetos, enseñando a los estudiantes sobre la física y el diseño de robots.",1.8503139,3.9234466999999995,0.1535231,52,145,1.5286539,94.85469536302496,584,
2026-06-02T16:51:31.311577,variacion_parametros,llama3.2:3b,temperature,0.7,25,Explica en máximo 120 palabras qué es un sensor ultrasónico y cómo podría usarse en un robot móvil educativo.,0.7,0.9,40,0.0,4096,160,1.1,"Un sensor ultrasónico es un dispositivo que emite ondas sonoras ultrasonicas y mide el tiempo entre la emisión y la reflexión de esas ondas contra una superficie. Al calcular este tiempo, se puede determinar la distancia a esa superficie.

En un robot móvil educativo, un sensor ultrasónico podría usarse para:

- Medir la distancia hasta un obstáculo o pared.
- Evitar colisiones con objetos cercanos.
- Controlar el movimiento del robot en espacios cerrados.
- Realizar tareas como limpiar superficies con precisión.
- Ayudar a niños con discapacidades visuales a navegar en espacios.

Este sensor puede ser una herramienta útil para la seguridad y la precis",2.0488707,4.135267400000004,0.1460697,52,160,1.7147136,93.31004314656394,660,
2026-06-02T16:51:35.447222,variacion_parametros,llama3.2:3b,temperature,0.7,26,Explica en máximo 120 palabras qué es un sensor ultrasónico y cómo podría usarse en un robot móvil educativo.,0.7,0.9,40,0.0,4096,160,1.1,"Un sensor ultrasónico es un dispositivo que mide la distancia desde el sensor hasta un objeto utilizando ondas de ultrasonido. Cuando se emite una onda, el sensor detecta el eco reflejado del objeto y calcula la distancia. Este tipo de sensor es útil en aplicaciones de detección de obstáculos y seguimiento.

En un robot móvil educativo, un sensor ultrasónico podría usarse para evitar colisiones con objetos, como paredes o otros robots, permitiendo que el robot se mueva de manera más segura. También podría ser utilizado para seguir una línea o objeto, lo que facilitaría la programación y la interacción del robot con su entorno.",1.9056339,3.9693117999999856,0.1439507,52,149,1.5964157,93.33408585245058,634,
2026-06-02T16:51:39.416521,variacion_parametros,llama3.2:3b,temperature,0.7,27,Explica en máximo 120 palabras qué es un sensor ultrasónico y cómo podría usarse en un robot móvil educativo.,0.7,0.9,40,0.0,4096,160,1.1,"Un sensor ultrasónico es una herramienta que emite pulso de ultrasonido y medía el tiempo entre la emisión y la recepción del eco. Al detectar cambios en el entorno, puede determinar distancia, movimiento o velocidad.

En un robot móvil educativo, un sensor ultrasónico podría usarse para:

* Medir distancia hasta objetos o paredes, permitiendo al robot evitar obstáculos.
* Detectar cambios en la altura del suelo para mantener un equilibrio estable.
* Determinar el tiempo de respuesta para programar movimientos precisos y seguros.

Este sensor es especialmente útil para robots que operan en espacios desconocidos o con muchos obstáculos.",1.8830549,3.940074100000004,0.1458486,52,150,1.5681412,95.65465150714745,643,
2026-06-02T16:51:43.357377,variacion_parametros,llama3.2:3b,temperature,0.7,28,Explica en máximo 120 palabras qué es un sensor ultrasónico y cómo podría usarse en un robot móvil educativo.,0.7,0.9,40,0.0,4096,160,1.1,"Un sensor ultrasónico es un dispositivo que emite ondas de sonido ultrasonicas (entre 20 kHz y 40 kHz) y detecta el tiempo de vuelo para calcular la distancia a un objeto cercano. Esto se utiliza para medir distancias, evitar obstáculos y realizar tareas como seguir objetos o mantener una distancia constante.

En un robot móvil educativo, los sensores ultrasónicos pueden usarse para:

* Ajustar la velocidad del robot según la distancia al suelo.
* Evitar obstáculos y mantener la estabilidad.
* Realizar tareas de seguimiento y seguimiento de objetos.
* Mejorar la precisión en la navegación y la orientación.",1.9401266,4.0138589000000024,0.1459575,52,153,1.6151296,94.72924030368833,613,
2026-06-02T16:51:47.371324,variacion_parametros,llama3.2:3b,temperature,0.7,29,Explica en máximo 120 palabras qué es un sensor ultrasónico y cómo podría usarse en un robot móvil educativo.,0.7,0.9,40,0.0,4096,160,1.1,"Un sensor ultrasónico es un dispositivo que emite ondas de ultrasonido y mide el tiempo que tarda en ser reflejadas por un objeto cercano. Este tiempo se utiliza para calcular la distancia entre el sensor y el objeto. En un robot móvil educativo, un sensor ultrasónico podría usarse para detectar obstáculos y evitar colisiones. También podría utilizarse para seguir un patrón de objetos en el camino, permitiendo al robot aprender a navegar por un entorno complejo. Además, podría ayudar a los niños a comprender conceptos como la distancia y la percepción espacial de manera interactiva y divertida.",1.8371901,3.875149499999992,0.1499854,52,142,1.5216814,93.31782592597898,601,
2026-06-02T16:51:51.247088,variacion_parametros,llama3.2:3b,temperature,0.7,30,Explica en máximo 120 palabras qué es un sensor ultrasónico y cómo podría usarse en un robot móvil educativo.,0.7,0.9,40,0.0,4096,160,1.1,"Un sensor ultrasónico es un dispositivo que emite ondas sonoras de alta frecuencia y medía el tiempo que tardan en reflejarse en una superficie o objeto. Esto permite medir la distancia a un objetivo. En un robot móvil educativo, se puede utilizar para detectar obstáculos, evitar colisiones con paredes o otros objetos y seguir una ruta preestablecida de manera autónoma.

Este sensor también puede ser utilizado en tareas como: - Medir la altura del suelo para adaptarse a diferentes entornos. - Detectar cambios en el entorno, como la presencia de personas o animales. - Realizar juegos y desafíos que requieren la detección de objetos a una distancia seg",2.0372466,4.105834399999992,0.1474383,52,160,1.6984218,94.20510264293593,658,
2026-06-02T16:51:55.353283,variacion_parametros,llama3.2:3b,temperature,1.1,1,Explica en máximo 120 palabras qué es un sensor ultrasónico y cómo podría usarse en un robot móvil educativo.,1.1,0.9,40,0.0,4096,160,1.1,"Un sensor ultrasónico es un dispositivo que emite sonidos de alta frecuencia y mide el tiempo de retorno del sonido para detectar objetos cerca de él. Este tiempo se utiliza para calcular la distancia al objeto. En un robot móvil educativo, este sensor puede ser utilizado como una herramienta para enseñar sobre el espacio personal y la proximidad de los demás. El sensor puede detectar la presencia o ausencia de personas o objetos cerca del robot, permitiendo al robot responder con diferentes acciones según la distancia y contenido de estos, educando a los usuarios sobre la importancia de la distancia social y respeto personal.",1.7860819,3.8207787999999994,0.1466644,52,136,1.4791515,91.94460472777806,634,
2026-06-02T16:51:59.174473,variacion_parametros,llama3.2:3b,temperature,1.1,2,Explica en máximo 120 palabras qué es un sensor ultrasónico y cómo podría usarse en un robot móvil educativo.,1.1,0.9,40,0.0,4096,160,1.1,"Un sensor ultrasónico es una técnica de medición que utiliza ondas de sonido para detectar objetos a una distancia determinada. El dispositivo emite pulso sonoro y mide el tiempo que tarda la onda en regresar. La frecuencia del pulso se calcula multiplicando el tiempo por la velocidad de sonido. Este sensor es ideal para aplicaciones móviles, como la detección de obstáculos o la navegación en espacios cerrados.

En un robot móvil educativo, un sensor ultrasónico podría usarse para:

*   evitar colisiones con objetos cercanos.
*   detectar cambios en el entorno (como obstáculos o pasos).
*   implementar sistemas de seguimiento y navegar",2.016726,4.059673500000002,0.1484673,52,160,1.6801186,95.23137235668959,643,
2026-06-02T16:52:03.234541,variacion_parametros,llama3.2:3b,temperature,1.1,3,Explica en máximo 120 palabras qué es un sensor ultrasónico y cómo podría usarse en un robot móvil educativo.,1.1,0.9,40,0.0,4096,160,1.1,"Un sensor ultrasónico es un dispositivo que emite ondas sonoras a una frecuencia ultrasonica (de 40 kHz) y medida el tiempo de vuelta para calcular la distancia desde el sensor hasta un objeto. Este tiempo se convierte en una medida absoluta, lo que permite al robot determinar su posición relativa con respecto a los objetos en su entorno.

En un robot móvil educativo, el sensor ultrasónico podría usarse para evitar obstáculos, mantener una distancia segura del suelo o incluso detectar la presencia de objetos en la caminata. También podría ayudar a desarrollar al robots habilidades como la exploración y la navegación en espacios desconocidos.",1.9418861,4.004992299999998,0.1506679,52,151,1.6201082,93.20365145982225,649,
2026-06-02T16:52:07.239322,variacion_parametros,llama3.2:3b,temperature,1.1,4,Explica en máximo 120 palabras qué es un sensor ultrasónico y cómo podría usarse en un robot móvil educativo.,1.1,0.9,40,0.0,4096,160,1.1,"Un sensor ultrasonico es un dispositivo que emite ondas de sonido a una frecuencia muy alta (generalmente en el rango de 20-40 kHz) y mide el tiempo que tarda en reflejar las ondas contra una superficie, como un objeto o la distancia a otro obstáculo. Esto se utiliza para medir la distancia entre el sensor y los objetos en su entorno.

En un robot móvil educativo, un sensor ultrasonico podría usarse para detectar obstáculos, evitar chocadas con paredes u otros objetos y mantener la seguridad de la plataforma while navegando por una habitación o patio. También podría servir como fuente de alarma en el sistema de control del robot, ayudándolo a tomar",1.9735765,4.02228150000002,0.1512143,52,160,1.6374012,97.71581943386875,656,
2026-06-02T16:52:11.262155,variacion_parametros,llama3.2:3b,temperature,1.1,5,Explica en máximo 120 palabras qué es un sensor ultrasónico y cómo podría usarse en un robot móvil educativo.,1.1,0.9,40,0.0,4096,160,1.1,"Un sensor ultrasónico es una tecnología de detección que utiliza ondas sonoras de alta frecuencia para medir la distancia a objetos cercanos. Funciona envolviendo el objeto con ultrasonidos, que viajan hasta que chocan contra un obstáculo, y midiendo el tiempo que tardan en regresar al sensor. Con este tiempo se puede calcular la distancia.

En un robot móvil educativo, un sensor ultrasónico podría usarse para detectar obstáculos y evitarlos, como en un juego de ""robo"" o cuando el robot busca un espacio para avanzar. También podría ser utilizado para crear una bariera virtual que impida que el robot se acerque demasiado a personas o objetos sensibles. Es una",2.0306128,4.089822300000037,0.1438035,52,160,1.689169,94.72113210697094,666,
2026-06-02T16:52:15.352657,variacion_parametros,llama3.2:3b,temperature,1.1,6,Explica en máximo 120 palabras qué es un sensor ultrasónico y cómo podría usarse en un robot móvil educativo.,1.1,0.9,40,0.0,4096,160,1.1,"Un sensor ultrasónico es un dispositivo que mide la distancia a un objeto utilizando ondas sonoras de alta frecuencia. Al enviar una señal de sonido, el sensor registra el tiempo que tarda en regresar el eco y calcula la distancia al objeto.

En un robot móvil educativo, un sensor ultrasónico se puede utilizar para detectar obstáculos y evitar colisiones con paredes o objetos. Esto ayuda a mantener el equilibrio del robot y a asegurar una experiencia de aprendizaje segura. Además, puede ser utilizado para medir la altura de los pasos o para realizar tareas de navegación en entornos estrechos y complejos.",1.888811,3.93949090000001,0.1457177,52,147,1.5700177,93.62951767995992,611,
2026-06-02T16:52:19.292610,variacion_parametros,llama3.2:3b,temperature,1.1,7,Explica en máximo 120 palabras qué es un sensor ultrasónico y cómo podría usarse en un robot móvil educativo.,1.1,0.9,40,0.0,4096,160,1.1,"Un sensor ultrasonico es una técnica de detección que utiliza ondas de sonido para medir la distancia a un objeto. En su funcionamiento básico, el sensor emite pulso de sonido hacia el medio y registra el tiempo transcurrido desde que se emitió hasta que regresa el eco. A partir del tiempo medido, se puede calcular la distancia a la objeto usando la fórmula: distancia = velocidad de sonido * tiempo.

En un robot móvil educativo, los sensores ultrasonicos podrían ser utilizados para detectar obstáculos en el entorno y controlar las acciones del robot. También pueden usarse para crear un sistema de seguimiento y medir la distancia a otros objetos a su",2.0665909,4.1087526000000025,0.1448007,52,160,1.7255774,92.72258665418312,657,
2026-06-02T16:52:23.401429,variacion_parametros,llama3.2:3b,temperature,1.1,8,Explica en máximo 120 palabras qué es un sensor ultrasónico y cómo podría usarse en un robot móvil educativo.,1.1,0.9,40,0.0,4096,160,1.1,"Un sensor ultrasónico es un dispositivo que mide la distancia a través de ultrasonidos. Cuando se dispara, emite una onda de sonido ultrasonicamente alta y luego detecta el tiempo que tarda en volver a llegar. Este tiempo se calcula con precisión para determinar la distancia al objeto o superficie que se encuentra en frente del sensor.

En un robot móvil educativo, el sensor ultrasónico podría ser utilizado como una herramienta de detección de obstáculos. El robot podría utilizar este sensor para detectar la presencia de obstáculos cercanos y cambiar su dirección de manera segura para evitar chocarlos. Esto permitiría al robot moverse de manera autónoma y educativa a través del espacio,",1.9909786,4.050011799999993,0.1461207,52,160,1.6569507,96.562921274604,695,
2026-06-02T16:52:27.451952,variacion_parametros,llama3.2:3b,temperature,1.1,9,Explica en máximo 120 palabras qué es un sensor ultrasónico y cómo podría usarse en un robot móvil educativo.,1.1,0.9,40,0.0,4096,160,1.1,"Un sensor ultrasónico es una tecnología de detección que utiliza sonar ultrasonico para detectar objetos cercanos a un dispositivo, como un robot. Funciona emitiendo pulsos de sonido a intervalos regulares y midiendo la velocidad del vuelo de los sonidos reflejados por el objeto. Si el objeto está muy cerca, el tiempo entre dos sonidos sucesivos se reduce significativamente, lo que indica una colisión. Este sensor es útil en robots educativos para evitar obstáculos y detectar cambios en el entorno, permitiendo un movimiento más preciso y seguro. Es ideal para uso en espacios cerrados o semi-cerrados.",1.8877931,3.9532565999999747,0.1557136,52,146,1.5638663,93.3583644586497,607,
2026-06-02T16:52:31.405383,variacion_parametros,llama3.2:3b,temperature,1.1,10,Explica en máximo 120 palabras qué es un sensor ultrasónico y cómo podría usarse en un robot móvil educativo.,1.1,0.9,40,0.0,4096,160,1.1,"Un sensor ultrasónico es un dispositivo que mide la distancia a través de la onda sonora que emite cuando se produce una colisión o obstáculo en su camino. Cuando se emite el ultrasonido, el sensor espera hasta que la onda regresa y calcula la distancia hasta el objeto utilizando ecuaciones matemáticas. Este sensor es ideal para detectar obstáculos en un robot móvil educativo, como los niños se alejan de una pared, telescopios con un rango de visión muy limitado o si está pasando por objetos inesperados.

La detección del sensor ultrasónico puede ser utilizada para: - evitar obstáculos y mantenerse a un cierto distancia.",1.9479915,4.005740600000024,0.1495209,52,157,1.613483,97.30502273652712,628,
2026-06-02T16:52:35.411739,variacion_parametros,llama3.2:3b,temperature,1.1,11,Explica en máximo 120 palabras qué es un sensor ultrasónico y cómo podría usarse en un robot móvil educativo.,1.1,0.9,40,0.0,4096,160,1.1,"Un sensor ultrasónico es un dispositivo que emite sonidos ultrasonicos a una frecuencia alta (generalmente entre 20-40 kHz) y detecta el tiempo de vuelta para calcular la distancia al objeto que bloquea su onda de sonido. Este sensor se utiliza en aplicaciones como mediciones de distancias, seguimiento de objetos y detección de obstáculos.

En un robot móvil educativo, un sensor ultrasónico podría usarse para:

* Medir la distancia al techo o a otros objetos para evitar golpes
* Detectar obstáculos y cambiar dirección en el espacio de juego
* Realizar tareas como ""caminar hacia el objeto"" o ""detrás del obstáculo""

Este sensor es especialmente",1.9971278,4.042525899999987,0.1643168,52,160,1.646754,97.16083883810211,650,
2026-06-02T16:52:39.454552,variacion_parametros,llama3.2:3b,temperature,1.1,12,Explica en máximo 120 palabras qué es un sensor ultrasónico y cómo podría usarse en un robot móvil educativo.,1.1,0.9,40,0.0,4096,160,1.1,"Un sensor ultrasónico es un dispositivo que emite pulsos de ultrasonido y mide el tiempo de vuelta para detectar la distancia entre él mismo y un objeto. Esto se utiliza para crear una ""imágenes"" del entorno utilizando sonido. En un robot móvil educativo, el sensor ultrasónico podría ser utilizado como una herramienta de seguimiento para que el robot se mueva a través de un espacio determinado o evitar obstáculos. También podría servir para medir la profundidad de un recipiente y detectar límites para hacer ajustes en su movimiento. Ayuda a los estudiantes a comprender conceptos de sensores y control de movimiento.",1.8523615,3.9232401000000436,0.1440119,52,144,1.5548159,92.61546656424082,622,
2026-06-02T16:52:43.378068,variacion_parametros,llama3.2:3b,temperature,1.1,13,Explica en máximo 120 palabras qué es un sensor ultrasónico y cómo podría usarse en un robot móvil educativo.,1.1,0.9,40,0.0,4096,160,1.1,"Un sensor ultrasónico es un dispositivo que mide la distancia a través del uso de ondas sonoras. Funciona emitiendo sonidos a través de un transductor y detectando el eco que regresa. La información obtenida se utiliza para calcular la distancia.

En un robot móvil educativo, el sensor ultrasónico puede usarse para:

- Medir la distancia desde los objetos para evitar colisiones
- Detectar obstáculos en su ruta
- Controlar el movimiento del robot y ajustarlo según sea necesario
- Crear una función de ""modo defensa"" que evite chocar con objetos

Este sensor es especialmente útil para robots educativos, ya que permite a los estudiantes aprender sobre la física y la programación.",2.0039366,4.048092800000006,0.1494085,52,160,1.6689893,95.86640249880571,684,
2026-06-02T16:52:47.426604,variacion_parametros,llama3.2:3b,temperature,1.1,14,Explica en máximo 120 palabras qué es un sensor ultrasónico y cómo podría usarse en un robot móvil educativo.,1.1,0.9,40,0.0,4096,160,1.1,"Un sensor ultrasónico es un dispositivo que emite pulsos de sonido a una frecuencia ultrasonica (en el rango del 20 kHz al 40 kHz) para medir la distancia entre objetos en el entorno. Cuando un objeto bloquea el sonido, vuelve a aparecer y el sensor detecta la reacción, calculando la distancia.

En un robot móvil educativo, los sensores ultrasónicos pueden usarse como una herramienta de navegación y seguridad. Por ejemplo, podrían utilizarse para evitar obstáculos en la zona de movimiento del robot, garantizando su estabilidad y preveniendo posibles colisiones. Esto facilita la enseñanza a los estudiantes sobre la programación y el control de mov",2.0257387,4.096774400000015,0.1409311,52,160,1.695558,94.36421520231099,654,
2026-06-02T16:52:51.523799,variacion_parametros,llama3.2:3b,temperature,1.1,15,Explica en máximo 120 palabras qué es un sensor ultrasónico y cómo podría usarse en un robot móvil educativo.,1.1,0.9,40,0.0,4096,160,1.1,"Un sensor ultrasónico es un dispositivo que mide la distancia entre el objeto y una superficie o puntos fijos utilizando ondas de ultrasonido. La señal sonora se envía a través del espacio y se refleja de los objetos cercanos, lo que permite calcular la distancia con precisión.

En un robot móvil educativo, un sensor ultrasónico podría usarse para realizar tareas como:

* Detectar obstáculos o límites en el entorno.
* Controlar el movimiento del robot para evitar colisiones.
* Realizar juegos de seguimiento o persecución con los niños.
* Aprender a detectar objetos y espacio circundante.

Este sensor es útil para la educación y el desarrollo motor.",2.0119747,4.071754699999985,0.1411803,52,158,1.6878005,93.61295958852956,656,
2026-06-02T16:52:55.595921,variacion_parametros,llama3.2:3b,temperature,1.1,16,Explica en máximo 120 palabras qué es un sensor ultrasónico y cómo podría usarse en un robot móvil educativo.,1.1,0.9,40,0.0,4096,160,1.1,"Un sensor ultrasónico es un dispositivo que emite sonidos de alta frecuencia (bajo audioinfrarrojos) y mide la duración del eco retroecionado para determinar la distancia a objetos cercanos. Estos sensores pueden ser utilizados en robots móviles educativos para detectar obstáculos, evitar colisiones o realizar tareas como seguir un objeto o mantener una distancia específica.

En un robot educativo, los sensores ultrasónicos podrían usarse para crear sistemas de ""avoidance"" que permitan al robot evitar obstáculos y mantener su movimiento controlado. También pueden ser utilizados en tareas más avanzadas como la detección de objetos o la navigación en entornos descon",1.9828037,4.037940200000037,0.1428199,52,160,1.645741,97.22064407461443,672,
2026-06-02T16:52:59.634123,variacion_parametros,llama3.2:3b,temperature,1.1,17,Explica en máximo 120 palabras qué es un sensor ultrasónico y cómo podría usarse en un robot móvil educativo.,1.1,0.9,40,0.0,4096,160,1.1,"Un sensor ultrasónico es una herramienta que utiliza ondas ultrasonoras para detectar objetos cercanos o distantes. Funciona emitiendo sonido por un transmisor y midiendo el tiempo que tarda la onda en ser reflejada por un objeto, calculando la distancia a este según la velocidad de la onda.

En un robot móvil educativo, un sensor ultrasónico podría usarse para realizar tareas como detectar obstáculos, navegar en espacios estrechos o seguir al usuario. También podría utilizarse para crear juegos interactivos que requieren el seguimiento de objetos. Este tipo de sensores es ideal para aplicaciones que requieren detección y precisión.",1.8906245,3.930272300000013,0.1463991,52,153,1.5681339,97.56819873609007,640,
2026-06-02T16:53:03.564995,variacion_parametros,llama3.2:3b,temperature,1.1,18,Explica en máximo 120 palabras qué es un sensor ultrasónico y cómo podría usarse en un robot móvil educativo.,1.1,0.9,40,0.0,4096,160,1.1,"Un sensor ultrasónico es un dispositivo que emite ultrasonidos (sonris) y detecta los sonidos reflejados para medir la distancia a objetos cercanos. Funciona mediante un emisor y un receptor, lo cual detectan las ondas ultrasonicas. El sensor calcula la distancia restando el tiempo de transmisión del tiempo de retroceso.

En un robot móvil educativo, el sensor ultrasónico podría usarse para: 1) evitar obstáculos y seguir un trayecto predeterminado; 2) mantener una distancia segura con los objetos; o incluso interactuar con juguetes táctiles. Es ideal para aplicaciones como la navegación autónoma de robots, detectar obstáculos",2.0117122,4.058607400000028,0.1439568,52,160,1.6826939,95.08562430754637,633,
2026-06-02T16:53:07.623971,variacion_parametros,llama3.2:3b,temperature,1.1,19,Explica en máximo 120 palabras qué es un sensor ultrasónico y cómo podría usarse en un robot móvil educativo.,1.1,0.9,40,0.0,4096,160,1.1,"Un sensor ultrasónico es una technology que emite ultrasonidos y mide el tiempo de vuelta para medir la distancia a objetos cercanos. Funciona detectando las interferencias sonoras que regresan del objeto, lo que permite calcular su posición exacta.

En un robot móvil educativo, un sensor ultrasónico podría usarse como ""antena"" para evitar obstáculos y mantenerse en camino, permitiendo la exploración y el movimiento seguro. También podría utilizarse para detectar cambios en la distancia del objeto objetivo, lo que ayudaría a determinar si es apto para el robot alcanzarlo. Esto proporciona una experiencia de aprendizaje más segura y enfocado.",1.9174071,3.991954899999996,0.146259,52,149,1.5893284,93.75029100342006,649,
2026-06-02T16:53:11.616254,variacion_parametros,llama3.2:3b,temperature,1.1,20,Explica en máximo 120 palabras qué es un sensor ultrasónico y cómo podría usarse en un robot móvil educativo.,1.1,0.9,40,0.0,4096,160,1.1,"Un sensor ultrasonico es una herramienta que emite sonido de alta frecuencia (por lo general, alrededor de 40 kHz) y registra los tiempos de eco para calcular la distancia hasta objetos cercanos. Se utiliza comúnmente en aplicaciones como sonar o navegación inercial.

En un robot móvil educativo, el sensor ultrasonico se puede utilizar para la navegación y detección de obstáculos. Al detectar la presencia de objetos, el robot puede cambiar de dirección y evitar choques. También se puede utilizar para medir distancias y realizar tareas como la mediación en zonas abiertas o la detección de patrones en la superficie. Esto permite a los estudiantes aprender sobre la mec",2.0396084,4.09913320000004,0.151834,52,160,1.7013202,94.04461311868278,674,
2026-06-02T16:53:15.715554,variacion_parametros,llama3.2:3b,temperature,1.1,21,Explica en máximo 120 palabras qué es un sensor ultrasónico y cómo podría usarse en un robot móvil educativo.,1.1,0.9,40,0.0,4096,160,1.1,"Un sensor ultrasónico es un dispositivo que emite ondas de sonido ultrasonicas y detecta los reacciones de retorno para medir la distancia o tamaño del objeto cerca de él. Funciona mediante el uso de transductores, que convierten las ondas sonoras en señales eléctricas.

En un robot móvil educativo, el sensor ultrasónico podría usarse para evitar obstáculos, detectar límites y realizar funciones como la detección de presencia de objetos. También puede ser utilizado para controlar movimientos precisos y para crear sistemas de seguimiento del movimiento de otros robots o juguetes.",1.758186,3.832346199999961,0.1492824,52,135,1.446197,93.34827827744077,585,
2026-06-02T16:53:19.548526,variacion_parametros,llama3.2:3b,temperature,1.1,22,Explica en máximo 120 palabras qué es un sensor ultrasónico y cómo podría usarse en un robot móvil educativo.,1.1,0.9,40,0.0,4096,160,1.1,"Un sensor ultrasónico es un dispositivo que mide la distancia a través de ondas sonoras infrarrojas o ultrasonicas. Cuando se dispara, emite una serie de ondas ultrasonicas hacia delante y medira el tiempo que tardan en regresar. La diferencia entre este tiempo y el tiempo de emisión permite calcular la distancia.

En un robot móvil educativo, un sensor ultrasónico podría usarse para detectar obstáculos, evitar colisiones con paredes o otros objetos, y realizar tareas como evitar caídas o mantener una distancia mínima con objetos cercanos. También se puede utilizar para crear un sistema de seguimiento o para detectar cambios en el entorno del robot.",1.9344748,4.004691199999968,0.1511183,52,153,1.598852,95.69366020119436,657,
2026-06-02T16:53:23.553484,variacion_parametros,llama3.2:3b,temperature,1.1,23,Explica en máximo 120 palabras qué es un sensor ultrasónico y cómo podría usarse en un robot móvil educativo.,1.1,0.9,40,0.0,4096,160,1.1,"Un sensor ultrasónico es un dispositivo que emite ondas de ultrasonido y detecta los reflejos para medir la distancia a objetos cercanos. Funciona mediante la transmisión de impulsos sonoros y la detección del tiempo del reflejo.

En un robot móvil educativo, un sensor ultrasónico podría usarse para detectar obstáculos y mantenerse alejado de ellos. Permite una mayor autonomía y seguridad en entornos difíciles o inestables. También puede usarse para controlar la velocidad del robot en pendientes o caminos irregulars. Esto permite a los niños aprender sobre la navigación y el espacio personal.",1.8533316,3.914671800000008,0.1520508,52,145,1.5257754,95.03364649869175,599,
2026-06-02T16:53:27.468560,variacion_parametros,llama3.2:3b,temperature,1.1,24,Explica en máximo 120 palabras qué es un sensor ultrasónico y cómo podría usarse en un robot móvil educativo.,1.1,0.9,40,0.0,4096,160,1.1,"Un sensor ultrasonico es un dispositivo que mide la distancia a través de las ondas de sonido. Funciona emitiendo pulsoes de ultrasonido y midiendo el tiempo de vuelta para calcular la distancia. En un robot móvil educativo, se podría utilizar para detectar obstáculos y evitar colisiones con objetos en su camino. El sensor puede ser conectado a un sistema de control para que el robot ajuste su ruta o cambie de dirección según sea necesario. Además, permite aprender sobre medidas y distancias de manera interactiva y segura. Es una herramienta útil para educar a estudiantes sobre programación, robótica y seguridad.",1.8430939,3.899616999999978,0.1426068,52,144,1.5443539,93.24287651942991,620,
2026-06-02T16:53:31.368719,variacion_parametros,llama3.2:3b,temperature,1.1,25,Explica en máximo 120 palabras qué es un sensor ultrasónico y cómo podría usarse en un robot móvil educativo.,1.1,0.9,40,0.0,4096,160,1.1,"Un sensor ultrasónico es un dispositivo que emite ondas de ultrasonido para medir la distancia a una superficie o objeto. Al detectar las ondas de retorno, el sensor puede determinar la distancia entre sí mismo y ese objeto.

En un robot móvil educativo, un sensor ultrasónico podría usarse para detectar obstáculos, evitar colisiones y mantener una distancia segura en entornos complicados. También podría ayudar a controlar la velocidad y el movimiento del robot para que no se acerque demasiado a un objeto. Esto sería especialmente útil en aplicaciones como la exploración de paisajes naturales o la navigación en espacios estrechos.",1.880907,3.940211099999999,0.1447635,52,149,1.5598891,95.5196109774727,637,
2026-06-02T16:53:35.309244,variacion_parametros,llama3.2:3b,temperature,1.1,26,Explica en máximo 120 palabras qué es un sensor ultrasónico y cómo podría usarse en un robot móvil educativo.,1.1,0.9,40,0.0,4096,160,1.1,"Un sensor ultrasónico es una tecnología de detección que utiliza ondas sonoras infrarrojas para medir la distancia entre objetos. Funciona enviando pulsos sonoros y midiendo el tiempo que tardan en regresar. Al calcular este tiempo, se puede determinar la distancia.

En un robot móvil educativo, un sensor ultrasónico podría usarse para detectar obstáculos o límites. El sensor envía una señal, y si no recibe una respuesta, supone que está a un cierto radio de distancia del objeto. Esto permite al robot evitar obstáculos o cambiar de rumbo de manera automática. También puede ser utilizado para medir la altura o el espacio disponible en un entorno.",2.0159652,4.057335699999953,0.1512768,52,157,1.6853515,93.15564141960891,653,
2026-06-02T16:53:39.366688,variacion_parametros,llama3.2:3b,temperature,1.1,27,Explica en máximo 120 palabras qué es un sensor ultrasónico y cómo podría usarse en un robot móvil educativo.,1.1,0.9,40,0.0,4096,160,1.1,"Un sensor ultrasónico es un dispositivo que utiliza ondas de ultrasonido para detectar objetos cercanos. Funciona enviendo pulsos de sonido a través de un transductor y midiendo el tiempo de reacción del eco regresante, lo cual se convierte en una medida de distancia. En un robot móvil educativo, este sensor podría usarse para:

* Detectar obstáculos y evitar colisiones
* Medir la altura o profundidad de objetos
* Controlar la movilidad del robot, como cambiar su dirección o velocidad
* Desarrollar funciones como ""reconocimiento de obstáculos"" o ""navegación en espacios estrechos""

Este sensor es ideal para aplicaciones donde se requiere precisión",2.0112744,4.061564599999997,0.1553684,52,160,1.6729999,95.63658670870214,654,
2026-06-02T16:53:43.428831,variacion_parametros,llama3.2:3b,temperature,1.1,28,Explica en máximo 120 palabras qué es un sensor ultrasónico y cómo podría usarse en un robot móvil educativo.,1.1,0.9,40,0.0,4096,160,1.1,"Un sensor ultrasónico es un dispositivo que emite sonar ultrasonicos (alrededor de 40 kHz) y mide los tiempos de retroceso para calcular la distancia a la objeto cercano. Este tiempo se convierte en una distancia medida mediante la ecuación: distancia = velocidad * tiempo.

En un robot móvil educativo, un sensor ultrasónico podría usarse para detectar obstáculos o hitos en el entorno y permitir que el robot evite impactos o alcance ciertos objetivos. También puede usarse para medir la distancia hasta una superficie para ajustar la altitud del robot.",1.7230492,3.755642899999998,0.1487224,52,137,1.4111506,97.08389735298273,555,
2026-06-02T16:53:47.184927,variacion_parametros,llama3.2:3b,temperature,1.1,29,Explica en máximo 120 palabras qué es un sensor ultrasónico y cómo podría usarse en un robot móvil educativo.,1.1,0.9,40,0.0,4096,160,1.1,"Un sensor ultrasónico es un dispositivo que emite ondas sonoras ultrasonicas y detecta los retños que reflejan objetos cerca de él. Estas ondas se utilizan para medir la distancia a un objeto, permitiendo a los robots detectar límites, obstáculos o incluso rastrear objetos en movimiento.

En un robot móvil educativo, el sensor ultrasónico podría usarse como una barrera de seguridad, que evite que el robot se selle o chocara con objetos. También podría ayudar al robot a mantener su distancia de los estudiantes, garantizando un espacio de seguridad y promoviendo una interacción saludable. Además, puede ser utilizado para seguimiento del tamaño y la posición de obstáculos.",1.9746338,4.027878799999996,0.1508175,52,158,1.6301025,96.92642027111792,678,
2026-06-02T16:53:51.213153,variacion_parametros,llama3.2:3b,temperature,1.1,30,Explica en máximo 120 palabras qué es un sensor ultrasónico y cómo podría usarse en un robot móvil educativo.,1.1,0.9,40,0.0,4096,160,1.1,"Un sensor ultrasónico es una pieza de tecnología que emite sonidos ultrasonicos para detectar objetos cercanos, a través de la vibración del aire. Cuando se hace clic el botón y esta función activada el ultrasonico hace clic un par de veces más rápido para medir distancia entre el robot y su alrededor en ambientes cerrados.

En un robot móvil educativo, los sensores ultrasónicos pueden utilizarse para crear una ""caza-recompensa"" que permite a los estudiantes aprender sobre el espacio y las dimensiones. Pueden detectar obstáculos en el camino de manera segura y evitar colisiones. También pueden ayudar a niños con discapacidad a mejorar su independencia.",1.8779219,3.9260421999999835,0.1544305,52,159,1.5430722,103.04119275818721,660,
2026-06-02T16:53:55.139351,variacion_parametros,llama3.2:3b,top_p,0.7,1,Explica en máximo 120 palabras qué es un sensor ultrasónico y cómo podría usarse en un robot móvil educativo.,0.7,0.7,40,0.0,4096,160,1.1,"Un sensor ultrasónico es un dispositivo que emite ondas sonoras de alta frecuencia y mide el tiempo que tardan en ser reflejadas por objetos cercanos. Este tiempo se utiliza para calcular la distancia entre el sensor y el objeto. En un robot móvil educativo, un sensor ultrasónico podría usarse para evitar obstáculos, medir distancias y realizar tareas como ""salir"" de una habitación o ""entrar"" en otra. También podría ser utilizado para detectar cambios en la distancia, lo que permitiría al robot ajustar su velocidad o dirección según sea necesario. Esto aumentaría la seguridad y la autonomía del robot.",1.7019968,3.7563671999999997,0.175572,52,141,1.365451,103.26258503600643,608,
2026-06-02T16:53:58.896028,variacion_parametros,llama3.2:3b,top_p,0.7,2,Explica en máximo 120 palabras qué es un sensor ultrasónico y cómo podría usarse en un robot móvil educativo.,0.7,0.7,40,0.0,4096,160,1.1,"Un sensor ultrasónico es un dispositivo que emite sonidos ultrasonicos de alta frecuencia (generalmente entre 20 kHz y 40 kHz) y detecta los reflejos que reciben cuando chocan con objetos cercanos. Estos sonidos se pueden medir para calcular la distancia hasta el objeto.

En un robot móvil educativo, un sensor ultrasónico podría usarse para detectar obstáculos y evitar colisiones. Por ejemplo, podría ser utilizado para controlar la velocidad del robot o para evitar chocar con paredes o objetos en el entorno. Esto permitiría a los estudiantes aprender sobre la programación de robots y la detección de obstáculos de manera práctica y segura.",2.0284752,4.05598690000005,0.1550448,52,156,1.6758525,93.08695126808594,646,
2026-06-02T16:54:02.952404,variacion_parametros,llama3.2:3b,top_p,0.7,3,Explica en máximo 120 palabras qué es un sensor ultrasónico y cómo podría usarse en un robot móvil educativo.,0.7,0.7,40,0.0,4096,160,1.1,"Un sensor ultrasónico es un dispositivo que emite ondas de sonido ultrasonicas (por encima de los 20 kHz) para detectar objetos cercanos. Estas ondas se reflejan cuando chocan con un objeto y el sensor las recibe, permitiendo medir la distancia entre el sensor y el objeto.

En un robot móvil educativo, un sensor ultrasónico podría usarse para:

* Detectar obstáculos y evitarlos
* Medir la distancia a objetos cercanos (por ejemplo, para evitar chocar)
* Controlar movimientos precisos y seguros

Este tipo de sensor es ideal para robots que deben interactuar con su entorno de manera segura y precisa.",1.970669,4.021165999999994,0.1688684,52,153,1.5701204,97.44475646580989,604,
2026-06-02T16:54:06.974111,variacion_parametros,llama3.2:3b,top_p,0.7,4,Explica en máximo 120 palabras qué es un sensor ultrasónico y cómo podría usarse en un robot móvil educativo.,0.7,0.7,40,0.0,4096,160,1.1,"Un sensor ultrasónico es un dispositivo que emite ondas sonoras ultrasonicas y mide el tiempo que tardan en reflejarse en una superficie. Esto permite medir la distancia a la objeto cercano. En un robot móvil educativo, se puede utilizar para detectar obstáculos, evitar chocar con objetos o personajes, y mantener una distancia segura. El sensor ultrasónico puede ser utilizado en aplicaciones como: - Detectar la proximidad de otros robots o objetos - Evitar obstáculos en el camino - Realizar tareas de limpieza o recolección de objetos - Mejorar la seguridad y estabilidad del robot.",1.8597764,3.8945305000000303,0.1664847,52,144,1.506511,95.5850969558138,587,
2026-06-02T16:54:10.868924,variacion_parametros,llama3.2:3b,top_p,0.7,5,Explica en máximo 120 palabras qué es un sensor ultrasónico y cómo podría usarse en un robot móvil educativo.,0.7,0.7,40,0.0,4096,160,1.1,"Un sensor ultrasónico es un dispositivo que emite sonidos ultrasonicos de alta frecuencia y mide el tiempo que tardan en regresar a su fuente. El sensor utiliza esta información para calcular la distancia al objeto cercano. En un robot móvil educativo, un sensor ultrasónico podría usarse para:

* Medir la distancia entre el robot y los objetos en su entorno.
* Evitar obstáculos y mantenerse en línea recta.
* Detectar cambios en la distancia o velocidad del objeto.
* Controlar la velocidad y dirección del robot.

Este sensor es especialmente útil en robots educativos que deben interactuar con un entorno físico.",1.9048889,3.9468324000000052,0.1755315,52,142,1.540591,92.17241954548611,617,
2026-06-02T16:54:14.816105,variacion_parametros,llama3.2:3b,top_p,0.7,6,Explica en máximo 120 palabras qué es un sensor ultrasónico y cómo podría usarse en un robot móvil educativo.,0.7,0.7,40,0.0,4096,160,1.1,"Un sensor ultrasónico es un dispositivo que emite ondas sonoras de alta frecuencia y mide el tiempo que tardan en regresar a su fuente, permitiendo medir la distancia entre el sensor y los objetos en su entorno. Este sensor se puede utilizar en un robot móvil educativo para detectar obstáculos y evitar colisiones. Al detectar la ausencia de sonido, el sensor indica que hay algo delante y el robot puede cambiar de dirección o frenar para evitar chocar. Además, también se puede utilizar para medir distancias y realizar tareas como seguir a un objeto o detectar cambios en el entorno.",1.848907,3.9088840000000005,0.1576298,52,140,1.4876224,94.10990315822079,587,
2026-06-02T16:54:18.725331,variacion_parametros,llama3.2:3b,top_p,0.7,7,Explica en máximo 120 palabras qué es un sensor ultrasónico y cómo podría usarse en un robot móvil educativo.,0.7,0.7,40,0.0,4096,160,1.1,"Un sensor ultrasónico es un dispositivo que emite ondas sonoras de alta frecuencia y detecta el tiempo que tardan en reflejarse en un objeto cercano. La velocidad del sonido varía según la densidad del material, lo que permite medir distancias con precisión.

En un robot móvil educativo, se podría utilizar un sensor ultrasónico para crear una ""cámara"" de detectación de obstáculos, permitiendo al robot evitar colisiones y mantenerse en su camino. Además, se podría utilizar para detectar cambios en la distancia o para seguir a objetos fijos, lo que puede ser útil para tareas como la navegación y el seguimiento.",1.9299243,3.9797236,0.1595448,52,148,1.5404653,96.0748677688488,616,
2026-06-02T16:54:22.705523,variacion_parametros,llama3.2:3b,top_p,0.7,8,Explica en máximo 120 palabras qué es un sensor ultrasónico y cómo podría usarse en un robot móvil educativo.,0.7,0.7,40,0.0,4096,160,1.1,"Un sensor ultrasónico es un dispositivo que emite sonidos de alta frecuencia y mide el tiempo que tardan en ser reflejados por objetos cercanos. Al medir esta diferencia de tiempo, se puede determinar la distancia entre el sensor y el objeto.

En un robot móvil educativo, un sensor ultrasónico podría usarse para detectar obstáculos y evitar chocar con ellos. Por ejemplo, si el robot se acerca demasiado a una pared o un mueble, el sensor ultrasónico puede detectar la distancia y hacer que el robot se detenga o cambie de dirección. Esto permitiría a los estudiantes aprender sobre la programación y la seguridad en robots.",2.0154494,4.06208620000001,0.2374021,52,148,1.499134,98.72366312817934,626,
2026-06-02T16:54:26.768135,variacion_parametros,llama3.2:3b,top_p,0.7,9,Explica en máximo 120 palabras qué es un sensor ultrasónico y cómo podría usarse en un robot móvil educativo.,0.7,0.7,40,0.0,4096,160,1.1,"Un sensor ultrasónico es un dispositivo que emite ondas sonoras de alta frecuencia y mide el tiempo que tardan en reflejarse contra un objeto cercano. El sensor utiliza esta información para calcular la distancia al objeto. En un robot móvil educativo, un sensor ultrasónico podría usarse para:

* Medir la distancia a objetos en su entorno
* Evitar obstáculos y mantenerse seguro
* Controlar la velocidad de movimiento según la distancia al objetivo
* Realizar tareas como la navegación o el seguimiento de objetos fijos

Este sensor es útil para robots educativos que deben interactuar con su entorno y aprender a adaptarse a nuevas situaciones.",2.1183379,4.193222000000048,0.2225404,52,150,1.6383723,91.5542822592887,647,
2026-06-02T16:54:30.961749,variacion_parametros,llama3.2:3b,top_p,0.7,10,Explica en máximo 120 palabras qué es un sensor ultrasónico y cómo podría usarse en un robot móvil educativo.,0.7,0.7,40,0.0,4096,160,1.1,"Un sensor ultrasónico es un dispositivo que emite ondas de ultrasonido y mide el tiempo de vuelta para detectar la distancia a un objeto cercano. Funciona mediante una transmisión de ondas de ultrasonido hacia el entorno, y luego mide la diferencia entre el tiempo de transmisión y el tiempo de retorno.

En un robot móvil educativo, un sensor ultrasónico podría usarse para detectar obstáculos en su camino, evitar colisiones y mantenerse alineado con su objetivo. También podría ser utilizado para medir la distancia a otros objetos o personas, lo que podría ser útil para tareas como el seguimiento de una persona o el mantenimiento de una distancia segura.",2.1573091,4.191740799999991,0.225498,52,156,1.6632857,93.79026104775625,660,
2026-06-02T16:54:35.153916,variacion_parametros,llama3.2:3b,top_p,0.7,11,Explica en máximo 120 palabras qué es un sensor ultrasónico y cómo podría usarse en un robot móvil educativo.,0.7,0.7,40,0.0,4096,160,1.1,"Un sensor ultrasónico es un dispositivo que emite ondas de sonido ultrasonicas y mide el tiempo que tardan en ser reflejadas por un objeto cercano. Este tiempo se utiliza para calcular la distancia entre el sensor y el objeto.

En un robot móvil educativo, un sensor ultrasónico podría usarse para detectar obstáculos o paredes cerca del robot, permitiendo que evite chocar con ellos. También podría ser utilizado para medir la distancia hasta un objetivo, lo que permite al robot moverse hacia él de manera precisa. Esto puede ser útil en tareas como seguir una ruta predefinida o detectar cambios en el entorno.",2.0337193,4.081783099999996,0.2321537,52,145,1.5659563,92.59517650652192,613,
2026-06-02T16:54:39.236103,variacion_parametros,llama3.2:3b,top_p,0.7,12,Explica en máximo 120 palabras qué es un sensor ultrasónico y cómo podría usarse en un robot móvil educativo.,0.7,0.7,40,0.0,4096,160,1.1,"Un sensor ultrasónico es un dispositivo que emite ondas de sonido ultrasonicas y detecta el tiempo que tardan en reflejarse contra un objeto cercano. Esto permite medir la distancia entre el sensor y el objeto. En un robot móvil educativo, este sensor podría usarse para evitar obstáculos y mantenerse a una distancia segura. También podría ser utilizado para detectar cambios en la distancia, lo que podría ser útil para tareas como reconocimiento de objetos o seguimiento de un objetivo. Esto permitiría al robot navegar de manera más autónoma y segura.",1.7756552,3.8357077000000004,0.1899637,52,129,1.3972306,92.325490151733,555,
2026-06-02T16:54:43.072195,variacion_parametros,llama3.2:3b,top_p,0.7,13,Explica en máximo 120 palabras qué es un sensor ultrasónico y cómo podría usarse en un robot móvil educativo.,0.7,0.7,40,0.0,4096,160,1.1,"Un sensor ultrasónico es un dispositivo que emite ondas de sonido ultrasonicas y detecta las reflejas para medir la distancia a un objeto. Funciona como sigue: el sensor emite una serie de pulsos de sonido, y cuando se detectan reflejos, el sensor calcula la distancia basándose en el tiempo entre el emisión del pulso y su recepción.

En un robot móvil educativo, un sensor ultrasónico podría usarse para permitir que el robot navegue y detecte obstáculos. Puede ser utilizado para evitar chocar con objetos o para seguir una ruta específica. También puede ser utilizado para crear juegos de persecución o para enseñar conceptos de distancia y espacio.",2.1347318,4.175870499999974,0.1887924,52,159,1.7065048,93.17289936717435,653,
2026-06-02T16:54:47.248123,variacion_parametros,llama3.2:3b,top_p,0.7,14,Explica en máximo 120 palabras qué es un sensor ultrasónico y cómo podría usarse en un robot móvil educativo.,0.7,0.7,40,0.0,4096,160,1.1,"Un sensor ultrasónico es un dispositivo que emite ondas de ultrasonido y mide el tiempo de reflejo para detectar objetos cercanos. Funciona de la siguiente manera: se emiten ondas de ultrasonido, que viajan hasta que chocan con un objeto y vuelven al sensor. El sensor mide la diferencia de tiempo entre la transmisión inicial y la recepción del reflejo, lo que le permite calcular la distancia a ese objeto.

En un robot móvil educativo, un sensor ultrasónico podría usarse para detectar obstáculos en el camino y evitar colisiones. También podría ser utilizado para controlar la velocidad del robot o ajustar su trayectoria para seguir un patrón de objetos.",2.1481652,4.212615099999994,0.1832513,52,160,1.7199984,93.02334234729521,659,
2026-06-02T16:54:51.461379,variacion_parametros,llama3.2:3b,top_p,0.7,15,Explica en máximo 120 palabras qué es un sensor ultrasónico y cómo podría usarse en un robot móvil educativo.,0.7,0.7,40,0.0,4096,160,1.1,"Un sensor ultrasónico es un dispositivo que emite ondas sonoras ultrasonicas y detecta los reflejos que regresan de objetos cercanos. Estas ondas tienen una frecuencia tan alta que el oído humano no puede detectar, pero pueden detectarse con sensores especializados.

En un robot móvil educativo, un sensor ultrasónico podría usarse para:

* Medir la distancia a objetos cercanos (como paredes o obstáculos)
* Controlar el movimiento del robot (por ejemplo, evitar chocar contra objetos)
* Realizar tareas de navegación y orientación
* Simular la función de sensores en robots reales

Este sensor puede ser especialmente útil para robots educativos que deben aprender",2.1382354,4.200557600000025,0.1819713,52,160,1.7156014,93.26175648959018,667,
2026-06-02T16:54:55.662214,variacion_parametros,llama3.2:3b,top_p,0.7,16,Explica en máximo 120 palabras qué es un sensor ultrasónico y cómo podría usarse en un robot móvil educativo.,0.7,0.7,40,0.0,4096,160,1.1,"Un sensor ultrasónico es un dispositivo que emite sonidos de alta frecuencia y mide el tiempo que tardan en ser absorbidos por objetos cercanos. La distancia se calcula a partir del tiempo de vuelta, lo que permite medir la distancia entre el sensor y el objeto.

En un robot móvil educativo, un sensor ultrasónico podría usarse para:

- Medir la altura de los obstáculos o superficies
- Evitar chocar con objetos
- Controlar la velocidad del robot en función de la distancia al suelo
- Realizar tareas como ""caminar"" por una línea en el suelo",1.9129653,3.951149100000009,0.1799012,52,137,1.5081554,90.83944532506399,543,
2026-06-02T16:54:59.613716,variacion_parametros,llama3.2:3b,top_p,0.7,17,Explica en máximo 120 palabras qué es un sensor ultrasónico y cómo podría usarse en un robot móvil educativo.,0.7,0.7,40,0.0,4096,160,1.1,"Un sensor ultrasónico es un dispositivo que emite sonar ultrasonido y mide el tiempo de vuelta para determinar la distancia entre él y un objeto. Funciona mediante el principio del sonar, emitiendo impulsos de sonido a una frecuencia alta y midiendo el tiempo que tarda en ser reflejados por un objeto.

En un robot móvil educativo, un sensor ultrasónico podría usarse para:

* Detectar obstáculos y evitar colisiones
* Medir la distancia hasta objetos cercanos
* Controlar la velocidad del movimiento del robot
* Ajustar la altura del robot para evitar golpes

Es una herramienta útil para la programación y el aprendizaje de los estudiantes.",2.0699048,4.118407600000012,0.1821747,52,156,1.6574604,94.11989571515555,643,
2026-06-02T16:55:03.732419,variacion_parametros,llama3.2:3b,top_p,0.7,18,Explica en máximo 120 palabras qué es un sensor ultrasónico y cómo podría usarse en un robot móvil educativo.,0.7,0.7,40,0.0,4096,160,1.1,"Un sensor ultrasónico es un dispositivo que emite ondas sonoras de alta frecuencia y detecta las ondas reflejadas cuando chocan con objetos cercanos. Esta tecnología se utiliza para medir la distancia a los objetos. En un robot móvil educativo, el sensor ultrasónico podría usarse para evitar obstáculos, mantener una distancia segura con otros robots o incluso seguir una ruta predefinida. También podría ser utilizado para detectar la presencia de personas o animales, lo que podría ser útil en aplicaciones como la asistencia a la vejez o el seguimiento de mascotas. Esto agrega inteligencia y autonomía al robot.",1.9087971,3.9479012999999554,0.1823563,52,144,1.4936791,96.40624950834486,616,
2026-06-02T16:55:07.680619,variacion_parametros,llama3.2:3b,top_p,0.7,19,Explica en máximo 120 palabras qué es un sensor ultrasónico y cómo podría usarse en un robot móvil educativo.,0.7,0.7,40,0.0,4096,160,1.1,"Un sensor ultrasónico es un dispositivo que emite ondas de ultrasonido y mide el tiempo que tardan en ser reflejadas por un objeto cercano. Estas ondas se pueden detectar utilizando sensores de ultrasonido, lo que permite medir la distancia entre el robot y el objeto.

En un robot móvil educativo, un sensor ultrasónico podría usarse para evitar obstáculos, detectar objetos en el camino o incluso seguir una ruta predefinida. Por ejemplo, el robot podría utilizar este sensor para saber cuándo debe detenerse o cambiar de dirección para evitar chocar con algo. Esto puede ser especialmente útil en entornos complicados y dinámicos.",2.0280042,4.06249059999999,0.1864336,52,153,1.6021853,95.49457231944396,633,
2026-06-02T16:55:11.743423,variacion_parametros,llama3.2:3b,top_p,0.7,20,Explica en máximo 120 palabras qué es un sensor ultrasónico y cómo podría usarse en un robot móvil educativo.,0.7,0.7,40,0.0,4096,160,1.1,"Un sensor ultrasónico es un dispositivo que emite sonidos de alta frecuencia y mide el tiempo que tardan en reflejarse contra un objeto cercano. Esto permite determinar la distancia entre el sensor y el objeto. En un robot móvil educativo, este sensor podría usarse para detectar obstáculos o límites, permitiendo al robot moverse de manera segura y controlada. También podría usarse para medir la profundidad del agua o la distancia a un objetivo, lo que sería útil en entornos como piscinas o campos de fútbol. Permite una mayor autonomía y seguridad en el movimiento del robot.",1.8477184,3.8882354999999507,0.1891711,52,140,1.4480123,96.68426159087184,580,
2026-06-02T16:55:15.631952,variacion_parametros,llama3.2:3b,top_p,0.7,21,Explica en máximo 120 palabras qué es un sensor ultrasónico y cómo podría usarse en un robot móvil educativo.,0.7,0.7,40,0.0,4096,160,1.1,"Un sensor ultrasónico es un dispositivo que emite pulso sonoro de alta frecuencia y mide el tiempo que tarda en reflejarse contra una superficie. Esto permite medir la distancia entre el sensor y el objeto. En un robot móvil educativo, un sensor ultrasónico podría usarse para evitar obstáculos, detectar objetos cerca o realizar tareas como ""saltar"" sobre ellos. El sensor puede ser integrado en el robot para crear una función de ""visión"" ultrasonica, lo que permite al robot navegar y interactuar con su entorno de manera segura y precisa. Esto puede ser especialmente útil en entornos complejos o desconocidos.",1.9606917,4.024525899999958,0.1671013,52,148,1.5875141,93.22751842015136,614,
2026-06-02T16:55:19.656530,variacion_parametros,llama3.2:3b,top_p,0.7,22,Explica en máximo 120 palabras qué es un sensor ultrasónico y cómo podría usarse en un robot móvil educativo.,0.7,0.7,40,0.0,4096,160,1.1,"Un sensor ultrasónico es un dispositivo que emite ondas de ultrasonido y mide el tiempo que tardan en reflejarse contra una superficie. Este tiempo se utiliza para calcular la distancia a la superficie. En un robot móvil educativo, este sensor podría usarse para detectar obstáculos o límites y evitar colisiones. También podría ser utilizado para medir la profundidad del agua o la distancia a objetos en un entorno. La tecnología ultrasónica es segura y no emite radiación ionizante, lo que la hace ideal para uso en robots educativos que interactúan con niños y adultos con discapacidades.",1.9361088,4.00634610000003,0.1539143,52,142,1.5896507,89.3278001261535,592,
2026-06-02T16:55:23.663127,variacion_parametros,llama3.2:3b,top_p,0.7,23,Explica en máximo 120 palabras qué es un sensor ultrasónico y cómo podría usarse en un robot móvil educativo.,0.7,0.7,40,0.0,4096,160,1.1,"Un sensor ultrasónico es un dispositivo que emite ondas sonoras de alta frecuencia y mide el tiempo que tardan en regresar a su fuente, lo que le permite medir la distancia a un objeto cercano. En un robot móvil educativo, este sensor podría usarse para evitar obstáculos, detectar límites o realizar tareas de seguimiento. Por ejemplo, el robot podría emprender una misión de exploración y usar el sensor ultrasónico para detectar objetos en su camino, ajustando su trayectoria según sea necesario. Este sensor es especialmente útil en entornos desconocidos o con muchos obstáculos.",1.8559762,3.9370614999999702,0.1581319,52,141,1.5206996,92.72048207285647,583,
2026-06-02T16:55:27.600680,variacion_parametros,llama3.2:3b,top_p,0.7,24,Explica en máximo 120 palabras qué es un sensor ultrasónico y cómo podría usarse en un robot móvil educativo.,0.7,0.7,40,0.0,4096,160,1.1,"Un sensor ultrasónico es un dispositivo que emite ondas de ultrasonido y mide el tiempo que tardan en regresar. Estas ondas se pueden utilizar para medir la distancia a objetos cercanos. En un robot móvil educativo, un sensor ultrasónico podría usarse para evitar obstáculos, detectar cambios en la altura o incluso controlar la velocidad del robot. Por ejemplo, el robot podría usar el sensor para detectar una pared y cambiar de dirección si se acerca demasiado. Esto permitiría al robot moverse de manera segura y eficiente a través de un entorno desconocido.",1.7887141,3.8194388000000004,0.1608159,52,134,1.4517697,92.30114115207115,562,
2026-06-02T16:55:31.420481,variacion_parametros,llama3.2:3b,top_p,0.7,25,Explica en máximo 120 palabras qué es un sensor ultrasónico y cómo podría usarse en un robot móvil educativo.,0.7,0.7,40,0.0,4096,160,1.1,"Un sensor ultrasónico es un dispositivo que emite sonidos de alta frecuencia y mide el tiempo que tardan en regresar los reflejos para detectar la proximidad o distancia a objetos. Este sensor se utiliza comúnmente en aplicaciones como la detección de obstáculos, la navegación y la seguimiento.

En un robot móvil educativo, un sensor ultrasónico podría usarse para detectar la proximidad con otros objetos, evitar colisiones y seguir una ruta predefinida. También podría utilizarse para medir la distancia entre el robot y los obstáculos, permitiendo al robot moverse de manera segura y precisa. Esto sería especialmente útil en entornos complejos o con muchos obstá",2.0746794,4.1462113000000045,0.1667196,52,160,1.6982915,94.2123304509267,668,
2026-06-02T16:55:35.566412,variacion_parametros,llama3.2:3b,top_p,0.7,26,Explica en máximo 120 palabras qué es un sensor ultrasónico y cómo podría usarse en un robot móvil educativo.,0.7,0.7,40,0.0,4096,160,1.1,"Un sensor ultrasónico es un dispositivo que emite ondas de ultrasonido y detecta las ondas reflejadas para medir la distancia a un objeto. Funciona mediante una antena que envía señales sonoras, que se reflejan en el objeto y luego regresan a la antena, donde se miden con precisión.

En un robot móvil educativo, un sensor ultrasónico podría usarse para detectar obstáculos y evitar chocar contra ellos. También podría servir para medir la distancia entre el robot y su entorno, lo que le permitiría mantener una distancia segura o seguir un camino preestablecido. Esto puede ser especialmente útil en entornos complejos y desafiantes.",2.0130852,4.043817099999956,0.1623958,52,160,1.6376764,97.69939897772234,636,
2026-06-02T16:55:39.611098,variacion_parametros,llama3.2:3b,top_p,0.7,27,Explica en máximo 120 palabras qué es un sensor ultrasónico y cómo podría usarse en un robot móvil educativo.,0.7,0.7,40,0.0,4096,160,1.1,"Un sensor ultrasónico es un dispositivo que emite ondas de ultrasonido y detecta los reflejos que regresan desde objetos cercanos. Estas ondas se utilizan para medir la distancia entre el sensor y los objetos, lo que permite detectar obstáculos y realizar tareas como evitar chocar con paredes o otros objetos.

En un robot móvil educativo, un sensor ultrasónico podría usarse para:

* Evitar obstáculos y mantenerse en su camino
* Medir la distancia a objetos cercanos para realizar acciones precisas (como coger un objeto)
* Detectar cambios en el entorno y ajustar su comportamiento

Esto permite que el robot aprenda y se adapte a su entorno de",2.0715633,4.130876400000034,0.1633437,52,160,1.6999165,94.12227012326781,648,
2026-06-02T16:55:43.742338,variacion_parametros,llama3.2:3b,top_p,0.7,28,Explica en máximo 120 palabras qué es un sensor ultrasónico y cómo podría usarse en un robot móvil educativo.,0.7,0.7,40,0.0,4096,160,1.1,"Un sensor ultrasónico es un dispositivo que emite pulso de sonido ultrasonico y mide el tiempo que tarda en reflejarse en un objeto cercano. El sensor utiliza este tiempo para calcular la distancia hasta el objeto. En un robot móvil educativo, un sensor ultrasónico podría usarse para evitar obstáculos, detectar objetos en el camino o incluso realizar tareas de seguimiento y detección. Por ejemplo, un robot podría usar un sensor ultrasónico para detectar la presencia de un pie para saber si debe continuar avanzando o pararse. Este sensor es especialmente útil en entornos con poca visibilidad.",1.8328663,3.8680923999999663,0.1843548,52,140,1.4523764,96.39374476203277,598,
2026-06-02T16:55:47.610751,variacion_parametros,llama3.2:3b,top_p,0.7,29,Explica en máximo 120 palabras qué es un sensor ultrasónico y cómo podría usarse en un robot móvil educativo.,0.7,0.7,40,0.0,4096,160,1.1,"Un sensor ultrasónico es un dispositivo que emite sonidos de alta frecuencia y mide el tiempo que tardan en ser reflejados por objetos cercanos. El sensor utiliza este tiempo para calcular la distancia hasta el objeto, lo que le permite detectar obstáculos y mantener una posición precisa.

En un robot móvil educativo, un sensor ultrasónico podría usarse para:

* Detectar obstáculos y evitar chocar con ellos
* Controlar la velocidad del robot en diferentes entornos
* Medir la distancia entre el robot y otros objetos o robots
* Realizar tareas como ""sacar"" objetos de una caja o ""encontrar"" un objetivo en una sala.

Este sensor es útil para robots educativos que",2.2929557,4.331454699999995,0.1639957,52,160,1.7859278,89.58928798801385,667,
2026-06-02T16:55:51.942259,variacion_parametros,llama3.2:3b,top_p,0.7,30,Explica en máximo 120 palabras qué es un sensor ultrasónico y cómo podría usarse en un robot móvil educativo.,0.7,0.7,40,0.0,4096,160,1.1,"Un sensor ultrasónico es un dispositivo que emite ondas sonoras de alta frecuencia y mide el tiempo que tardan en regresar a su origen. Al medir este tiempo, se puede determinar la distancia a objetos cercanos. En un robot móvil educativo, un sensor ultrasónico podría usarse para detectar obstáculos o límites, permitiendo al robot evitar chocar con ellos. También podría ser utilizado para controlar el movimiento del robot, como parar cuando se acerque a una superficie sólida. Esto permitiría a los estudiantes aprender sobre la percepción espacial y el control de movimiento en robots.",1.8240353,3.8431613000000198,0.1722032,52,139,1.4526351,95.68817385728873,590,
2026-06-02T16:55:55.785760,variacion_parametros,llama3.2:3b,top_p,0.9,1,Explica en máximo 120 palabras qué es un sensor ultrasónico y cómo podría usarse en un robot móvil educativo.,0.7,0.9,40,0.0,4096,160,1.1,"Un sensor ultrasónico es un dispositivo que emite sonidos de alta frecuencia y mide el tiempo que tardan en ser reflejados por objetos cercanos. Estos sonidos se pueden considerar como ""barreras"" que se lanzan hacia adelante y que, una vez que los reflejan un objeto, vuelven a la fuente del dispositivo. El sensor ultrasónico registra la diferencia de tiempo entre el emisión y la recepción del sonido para calcular la distancia hasta el objeto.

Este tipo de sensor puede ser útil en robots educativos porque permite detectar obstáculos y cambiar de dirección sin chocar, lo que puede ayudar a enseñar conceptos como la programación y la navegación.",2.0580769,4.106090700000038,0.1709609,52,157,1.6616582,94.4839317736945,651,
2026-06-02T16:55:59.892370,variacion_parametros,llama3.2:3b,top_p,0.9,2,Explica en máximo 120 palabras qué es un sensor ultrasónico y cómo podría usarse en un robot móvil educativo.,0.7,0.9,40,0.0,4096,160,1.1,"Un sensor ultrasónico es un dispositivo que emite ondas sonoras ultrasonicas y detecta las reflejos que reciben de objetos cercanos. Funciona mediante la tecnología del Doppler, donde el sensor mide la diferencia en frecuencia entre el sonido emitido y el sonido reflejado.

En un robot móvil educativo, un sensor ultrasónico se puede utilizar para detectar obstáculos o distancias en el entorno. Al detectar objetos cercanos, el robot puede cambiar de dirección o reducir la velocidad para evitar chocarlos. También puede ser utilizado para seguir objetos o personas con precisión y seguridad. Esto permite a los estudiantes experimentar con la interacción entre el sensor y el entorno.",2.0205906,4.082378300000016,0.1709544,52,157,1.6415835,95.6393628469097,687,
2026-06-02T16:56:03.974987,variacion_parametros,llama3.2:3b,top_p,0.9,3,Explica en máximo 120 palabras qué es un sensor ultrasónico y cómo podría usarse en un robot móvil educativo.,0.7,0.9,40,0.0,4096,160,1.1,"Un sensor ultrasónico es un dispositivo que emite ondas de ultrasonido y medía el tiempo que tarda en reflejarse en una superficie. Esto le permite calcular la distancia entre el sensor y el objeto delante de él.

En un robot móvil educativo, un sensor ultrasónico podría usarse para crear un sistema de detección de obstáculos y evitar colisiones con objetos. El sensor puede detectar la presencia de una superficie cercana y enviar un señal de alerta al controlador del robot, lo que podría hacer que el robot se aleje o cambie dirección. Esto permitiría a los estudiantes aprender sobre programación y control de movimientos de robots de manera segura.",2.0157243,4.069595300000003,0.163462,52,154,1.6447114,93.63344839708657,655,
2026-06-02T16:56:08.045015,variacion_parametros,llama3.2:3b,top_p,0.9,4,Explica en máximo 120 palabras qué es un sensor ultrasónico y cómo podría usarse en un robot móvil educativo.,0.7,0.9,40,0.0,4096,160,1.1,"Un sensor ultrasónico es una tecnología que mide la distancia a objetos utilizando ondas de sonido. Cuando se dispara el sensor, emite una serie de pulgadas de sonido que viajan hacia un objeto y vuelven como reflejos. El sensor detecta el tiempo entre el disparo inicial y el reflejo para calcular la distancia.

En un robot móvil educativo, un sensor ultrasónico podría usarse para evitar obstáculos, medir distancias y realizar tareas de navegación. Por ejemplo, el robot podría utilizar este sensor para avanzar hasta encontrar un objeto y luego detenerse frente a él, permitiendo al estudiante interactuar con la superficie.",1.9595421,4.0072586,0.1602534,52,148,1.5856601,93.3365227516288,629,
2026-06-02T16:56:12.052274,variacion_parametros,llama3.2:3b,top_p,0.9,5,Explica en máximo 120 palabras qué es un sensor ultrasónico y cómo podría usarse en un robot móvil educativo.,0.7,0.9,40,0.0,4096,160,1.1,"Un sensor ultrasónico es un dispositivo que emite ondas sonoras de alta frecuencia y mide el tiempo que tarda en reflejarse con una superficie. Esto le permite medir la distancia a una superficie cercana. En un robot móvil educativo, se podría utilizar un sensor ultrasónico para detectar obstáculos, evitar choques o seguir una ruta preprogramada. También podría usarse para medir la altura de la plataforma y ajustar el movimiento del robot en función de su entorno. Este sensor es especialmente útil en robots que operan en espacios cerrados o con obstáculos, como escuelas de robótica o laboratorios de experimentación.",1.9756089,3.9988506999999913,0.1611419,52,149,1.6157434,92.21761326705713,623,
2026-06-02T16:56:16.051688,variacion_parametros,llama3.2:3b,top_p,0.9,6,Explica en máximo 120 palabras qué es un sensor ultrasónico y cómo podría usarse en un robot móvil educativo.,0.7,0.9,40,0.0,4096,160,1.1,"Un sensor ultrasónico es un dispositivo que emite ondas de ultrasonido y mide el tiempo que tardan en ser reflejadas por objetos cercanos. Estas ondas de ultrasonido viajan a una velocidad constante, lo que permite medir la distancia al objeto. El sensor ultrasónico se utiliza comúnmente para detectar obstáculos, evitar colisiones y navegar en espacios cerrados.

En un robot móvil educativo, el sensor ultrasónico podría usarse para:

- Evitar obstáculos y mantenerse a una distancia segura
- Navegar por espacios cerrados y aprender a evitar barreras
- Medir la distancia al suelo o a objetos cercanos

Este dispositivo es ideal para robots",2.1046004,4.168804299999977,0.1728181,52,160,1.736611,92.13347145676263,644,
2026-06-02T16:56:20.220808,variacion_parametros,llama3.2:3b,top_p,0.9,7,Explica en máximo 120 palabras qué es un sensor ultrasónico y cómo podría usarse en un robot móvil educativo.,0.7,0.9,40,0.0,4096,160,1.1,"Un sensor ultrasónico es un dispositivo que emite sonidos ultrasonicos a una frecuencia alta (alrededor de 40 kHz) y detecta los sonidos reflejados por objetos cercanos. Estos sonidos se miden mediante un microfono y calculados en la distancia del objeto.

En un robot móvil educativo, un sensor ultrasónico podría usarse para:

* Encontrar obstáculos o superficies planas
* Medir la distancia a otros robots o objetos
* Realizar tareas como ""caminar"" alrededor de un espacio

Esto proporciona una forma segura y precisa de interactuar con el entorno, permitiendo que el robot aprenda sobre su entorno y realice acciones más precisas",2.1331424,4.185037899999941,0.1634391,52,160,1.7661777,90.5911109623907,633,
2026-06-02T16:56:24.406168,variacion_parametros,llama3.2:3b,top_p,0.9,8,Explica en máximo 120 palabras qué es un sensor ultrasónico y cómo podría usarse en un robot móvil educativo.,0.7,0.9,40,0.0,4096,160,1.1,"Un sensor ultrasónico es un dispositivo que emite ondas ultrasonicas de baja frecuencia y mide el tiempo de vuelta para calcular la distancia a una superficie. El sensor utiliza esta información para detectar objetos cercanos y evitar colisiones.

En un robot móvil educativo, un sensor ultrasónico podría usarse para:

- Evitar obstáculos y mantenerse en línea de visión.
- Controlar el movimiento y la velocidad del robot.
- Encontrar y seguir un objeto o punto de referencia en el espacio.
- Medir la distancia a un objetivo para realizar tareas como colocar objetos en su lugar.

Esto permite al robot interactuar con su entorno de manera segura y precisa.",1.9915229,4.044440899999927,0.1625617,52,153,1.6447368,93.02400238141446,660,
2026-06-02T16:56:28.450912,variacion_parametros,llama3.2:3b,top_p,0.9,9,Explica en máximo 120 palabras qué es un sensor ultrasónico y cómo podría usarse en un robot móvil educativo.,0.7,0.9,40,0.0,4096,160,1.1,"Un sensor ultrasónico es un dispositivo que emite impulsos de sonido de alta frecuencia y mide el tiempo que tardan en ser devueltos por objetos cercanos. El sensor utiliza esta información para calcular la distancia hasta el objeto. En un robot móvil educativo, un sensor ultrasónico podría usarse para evitar obstáculos, detectar cambios en la altura del suelo o medir la distancia a objetos en el entorno. Esto permitiría al robot moverse de manera segura y autónoma, lo que haría que los estudiantes puedan aprender sobre programación y control de robots de manera más interactiva y divertida.",1.8519355,3.920291700000007,0.1679769,52,140,1.4994018,93.3705695164565,597,
2026-06-02T16:56:32.371506,variacion_parametros,llama3.2:3b,top_p,0.9,10,Explica en máximo 120 palabras qué es un sensor ultrasónico y cómo podría usarse en un robot móvil educativo.,0.7,0.9,40,0.0,4096,160,1.1,"Un sensor ultrasónico es un dispositivo que emite ondas ultrasonoras y mide el tiempo de vuelo de estas ondas para detectar objetos cercanos. Funciona de la siguiente manera: se envían ondas ultrasonoras hacia adelante, y cuando se chocan con un objeto, las ondas reflejan hacia atrás. El sensor mide el tiempo que tarda en llegar a su destino y calcula la distancia al objeto. En un robot móvil educativo, este sensor podría usarse para detectar obstáculos o límites y ajustar el movimiento del robot para evitar colisiones o seguir una ruta predefinida. Esto permite a los estudiantes aprender sobre programación de movimientos avanzados y seguridad en robots.",2.0535587,4.111035300000026,0.1550066,52,159,1.6993198,93.56684951237548,662,
2026-06-02T16:56:36.482925,variacion_parametros,llama3.2:3b,top_p,0.9,11,Explica en máximo 120 palabras qué es un sensor ultrasónico y cómo podría usarse en un robot móvil educativo.,0.7,0.9,40,0.0,4096,160,1.1,"Un sensor ultrasónico es un dispositivo que emite ondas sonoras a alta frecuencia y mide el tiempo que tardan en reflejarse contra objetos cercanos. La principal ventaja de este tipo de sensor es su capacidad para detectar objetos a gran distancia sin necesidad de contacto.

En un robot móvil educativo, un sensor ultrasónico podría usarse para detectar obstáculos o límites y ajustar el movimiento del robot para evitar chocar contra ellos. También podría utilizarse para medir la distancia entre el robot y el suelo, permitiendo al robot mantenerse equilibrado y cambiar de dirección según sea necesario. Esto ayudaría a mejorar la estabilidad y seguridad del robot.",1.9308408,4.007118699999978,0.1585657,52,150,1.582483,94.78774811482967,669,
2026-06-02T16:56:40.490345,variacion_parametros,llama3.2:3b,top_p,0.9,12,Explica en máximo 120 palabras qué es un sensor ultrasónico y cómo podría usarse en un robot móvil educativo.,0.7,0.9,40,0.0,4096,160,1.1,"Un sensor ultrasónico es un dispositivo que emite ondas de sonido ultrasonicas y detecta los reflejos que llegan desde objetos cercanos. Estas ondas tienen una frecuencia muy alta, lo que les permite detectar objetos a distancias cortas.

En un robot móvil educativo, un sensor ultrasónico se podría utilizar para detectar obstáculos en el camino y cambiar de dirección o detenerse. También podría ser utilizado para medir la distancia entre el robot y un objeto, lo que le permitiría realizar tareas como pasar por encima de obstáculos o alcanzar una meta a una determinada distancia. Esto agrega funcionalidad interactiva y seguridad al robot.",1.9536007,4.021493699999951,0.1655171,52,152,1.5949608,95.30014781554506,645,
2026-06-02T16:56:44.511887,variacion_parametros,llama3.2:3b,top_p,0.9,13,Explica en máximo 120 palabras qué es un sensor ultrasónico y cómo podría usarse en un robot móvil educativo.,0.7,0.9,40,0.0,4096,160,1.1,"Un sensor ultrasónico es un dispositivo que emite ondas sonoras de alta frecuencia y detecta el tiempo de vuelta para medir la distancia a un objeto cercano. Funciona detectando las diferencias en el tiempo de vuelta entre dos emisiones consecutivas, lo que le permite calcular la distancia.

En un robot móvil educativo, un sensor ultrasónico se podría utilizar para:

*   Medir la distancia a obstáculos o límites
*   Evitar colisiones con objetos
*   Controlar la velocidad y dirección del robot en espacios cerrados
*   Realizar tareas de detección y seguimiento",1.8165718,3.8669416000000183,0.1575128,52,140,1.4806494,94.55310622487674,566,
2026-06-02T16:56:48.379346,variacion_parametros,llama3.2:3b,top_p,0.9,14,Explica en máximo 120 palabras qué es un sensor ultrasónico y cómo podría usarse en un robot móvil educativo.,0.7,0.9,40,0.0,4096,160,1.1,"Un sensor ultrasónico es un dispositivo que emite ondas ultrasonicas y detecta el tiempo de vuelta para medir la distancia a objetos cercanos. Funciona sumergiendo un transductor en una superficie, lo cual detecta las ondas sonoras reflejadas. El sensor utiliza esta información para calcular la distancia desde el sensor hasta el objeto. Este tipo de sensor es ideal para aplicaciones en robots educativos debido a su simplicidad y precisión. Puede usarse para evitar obstáculos, detectar cambios en la altura del suelo o incluso crear un sistema de seguimiento. Es una excelente herramienta para principiantes en programación y robótica.",1.9112752,3.966975899999966,0.1583568,52,145,1.5670845,92.52851393782531,639,
2026-06-02T16:56:52.346627,variacion_parametros,llama3.2:3b,top_p,0.9,15,Explica en máximo 120 palabras qué es un sensor ultrasónico y cómo podría usarse en un robot móvil educativo.,0.7,0.9,40,0.0,4096,160,1.1,"Un sensor ultrasonico es un dispositivo que emite ondas sonoras de alta frecuencia y detecta el tiempo que tardan en reflejarse en un objeto cercano. Al medir este tiempo se puede calcular la distancia entre el sensor y el objeto.

En un robot móvil educativo, un sensor ultrasónico podría usarse para evitar obstáculos, detectar objetos en el camino o realizar tareas de navegación. Por ejemplo, el robot podría utilizar el sensor para detectar una pared cercana y cambiar de dirección para evitar chocar contra ella. También podría usarse para seguir un patrón de movimiento preestablecido.",1.7569212,3.7972588000000087,0.1600813,52,136,1.4215656,95.66916925958253,592,
2026-06-02T16:56:56.144220,variacion_parametros,llama3.2:3b,top_p,0.9,16,Explica en máximo 120 palabras qué es un sensor ultrasónico y cómo podría usarse en un robot móvil educativo.,0.7,0.9,40,0.0,4096,160,1.1,"Un sensor ultrasónico es un dispositivo que emite ondas de ultrasonido y detecta el tiempo de vuelta para medir la distancia entre él y un objeto cercano. Funciona mediante el principio del eco, donde las ondas de ultrasonido se reflejan en un objeto y regresan al sensor.

En un robot móvil educativo, un sensor ultrasónico podría usarse como una herramienta para detectar obstáculos o límites, permitiendo al robot mantenerse seguro y evitar colisiones. También podría ser utilizado para detectar cambios en la distancia, lo que podría ayudar a controlar el movimiento del robot y mantenerlo en su posición deseada.",1.8572847,3.895953400000053,0.1643693,52,145,1.509311,96.07032612894227,617,
2026-06-02T16:57:00.040123,variacion_parametros,llama3.2:3b,top_p,0.9,17,Explica en máximo 120 palabras qué es un sensor ultrasónico y cómo podría usarse en un robot móvil educativo.,0.7,0.9,40,0.0,4096,160,1.1,"Un sensor ultrasónico es una tecnología que utiliza ondas sonoras de alta frecuencia para detectar objetos cercanos. Funciona envióndose una onda sonora y midiendo el tiempo que tarda en reflejarse a través del objeto. El sensor puede determinar la distancia a un objeto.

En un robot móvil educativo, los sensores ultrasónicos pueden usarse para evitar obstáculos, detectar límites de espacio o medir la distancia al suelo. También pueden ser utilizados para implementar funciones como ""desbloqueo"" automático, donde el robot se acerca a un objeto y se abre si está lo suficientemente cerca. Esto puede ser especialmente útil en entornos con objetos móviles o",2.087308,4.1196546999999555,0.1681431,52,160,1.7147705,93.30694690630612,660,
2026-06-02T16:57:04.160543,variacion_parametros,llama3.2:3b,top_p,0.9,18,Explica en máximo 120 palabras qué es un sensor ultrasónico y cómo podría usarse en un robot móvil educativo.,0.7,0.9,40,0.0,4096,160,1.1,"Un sensor ultrasónico es un dispositivo que emite ondas sonoras de alta frecuencia y mide el tiempo que tardan en reflejarse contra objetos cercanos. El sensor utiliza este tiempo para calcular la distancia entre el objeto y el sensor.

En un robot móvil educativo, un sensor ultrasónico podría usarse como ""radar"" para detectar obstáculos y evitar colisiones. También podría ser utilizado para medir la altura de una superficie o la distancia a un objetivo. Esto permitiría al robot moverse de manera segura y precisa, lo que haría del dispositivo una herramienta valiosa para proyectos educativos en robótica.",1.7980418,3.8194088000000193,0.1617688,52,141,1.4549213,96.91245842644547,611,
2026-06-02T16:57:07.980129,variacion_parametros,llama3.2:3b,top_p,0.9,19,Explica en máximo 120 palabras qué es un sensor ultrasónico y cómo podría usarse en un robot móvil educativo.,0.7,0.9,40,0.0,4096,160,1.1,"Un sensor ultrasónico es un dispositivo que emite sonidos de alta frecuencia ultrasonoras y mide el tiempo que tardan en ser absorbidos por objetos en su camino. Esto permite medir la distancia entre el sensor y los objetos cercanos.

En un robot móvil educativo, un sensor ultrasónico podría usarse para detectar obstáculos o límites y evitar colisiones. También puede ayudar a mantener la estabilidad del robot y evitar caídas. Además, se pueden utilizar para crear sensores de proximidad que permitan al robot interactuar con su entorno de manera segura y precisa. Esto puede ser especialmente útil en aplicaciones educativas, como el aprendizaje sobre la percepción espacial y la programación",2.0541917,4.088262499999928,0.1576406,52,160,1.6992488,94.15925437169649,696,
2026-06-02T16:57:12.068838,variacion_parametros,llama3.2:3b,top_p,0.9,20,Explica en máximo 120 palabras qué es un sensor ultrasónico y cómo podría usarse en un robot móvil educativo.,0.7,0.9,40,0.0,4096,160,1.1,"Un sensor ultrasónico es un dispositivo que emite pulso de ultrasonido y mide la duración del eco que regresa después de golpear una superficie. Utiliza este tiempo para calcular la distancia a la superficie, permitiéndole detectar objetos cercanos o lejanos.

En un robot móvil educativo, un sensor ultrasónico podría usarse como ""radar"" para evitar obstáculos y mantener la estabilidad del robot. También podría ser utilizado para medir la altura de un espacio o detectar cambios en el entorno. Esto permitiría al robot interactuar con su entorno de manera segura y efectiva, lo que es especialmente útil en aplicaciones educativas como la exploración de espacios abiertos",2.0600351,4.111013400000047,0.1560586,52,160,1.6923111,94.54526416567262,674,
2026-06-02T16:57:16.180130,variacion_parametros,llama3.2:3b,top_p,0.9,21,Explica en máximo 120 palabras qué es un sensor ultrasónico y cómo podría usarse en un robot móvil educativo.,0.7,0.9,40,0.0,4096,160,1.1,"Un sensor ultrasonico es un dispositivo que emite ondas de sonido y mide el tiempo que tardan en ser reflejadas por un objeto cercano. Al calcular la distancia, se puede determinar la posición del objeto. En un robot móvil educativo, un sensor ultrasónico podría usarse para detectar obstáculos o límites en el entorno, permitiendo al robot moverse de manera segura y predecible. También podría utilizarse para medir la altura de obstáculos o para controlar la profundidad del agua en un ambiente acuático. Este sensor es útil para la educación STEM (ciencia, tecnología, ingeniería y matemáticas) y puede ser utilizado para proyectos educativos interesantes y divert",2.0554225,4.096523499999989,0.1585917,52,160,1.6963358,94.32094753880688,667,
2026-06-02T16:57:20.276951,variacion_parametros,llama3.2:3b,top_p,0.9,22,Explica en máximo 120 palabras qué es un sensor ultrasónico y cómo podría usarse en un robot móvil educativo.,0.7,0.9,40,0.0,4096,160,1.1,"Un sensor ultrasónico es un dispositivo que emite ondas sonoras de alta frecuencia y mide el tiempo que tardan en ser reflejadas por objetos cercanos. Esto permite medir la distancia a ese objeto.

En un robot móvil educativo, un sensor ultrasónico podría usarse para detectar obstáculos, como paredes o otros robots, evitando colisiones y permitiendo una mayor autonomía y estabilidad en el movimiento. También podría ser utilizado para seguir patrones de obstáculos, lo que aumentaría la seguridad y la precisión del robot. Esta tecnología es especialmente útil en entornos cerrados con muchos obstáculos.",1.8646838,3.9052551999999423,0.1602783,52,143,1.5234594,93.86531731662821,607,
2026-06-02T16:57:24.182397,variacion_parametros,llama3.2:3b,top_p,0.9,23,Explica en máximo 120 palabras qué es un sensor ultrasónico y cómo podría usarse en un robot móvil educativo.,0.7,0.9,40,0.0,4096,160,1.1,"Un sensor ultrasónico es un dispositivo que emite ondas de sonido ultrasonicas y detecta los reflejos para medir la distancia a objetos cercanos. Funciona mediante una serie de sensores que detectan las frecuencias alteradas producidas cuando el sonido se refracta o se difracta en objetos sólidos.

En un robot móvil educativo, un sensor ultrasónico podría usarse para evitar obstáculos, medir la distancia a los pies del robot y mantener su equilibrio. También podría ser utilizado para detectar cambios en el entorno, como la presencia de personas o obstáculos, permitiendo al robot reaccionar de manera autónoma.",1.9738591,4.0158457,0.1575671,52,152,1.6115898,94.31680443745672,616,
2026-06-02T16:57:28.198603,variacion_parametros,llama3.2:3b,top_p,0.9,24,Explica en máximo 120 palabras qué es un sensor ultrasónico y cómo podría usarse en un robot móvil educativo.,0.7,0.9,40,0.0,4096,160,1.1,"Un sensor ultrasónico es un dispositivo que emite ondas sonoras de alta frecuencia y mide el tiempo que tardan en regresar desde un objeto, permitiéndole determinar la distancia a ese objeto. Este sensor se puede utilizar en robots móviles educativos para detectar obstáculos y evitar colisiones.

En un robot educativo, un sensor ultrasónico podría ser utilizado para: - Evitar obstáculos y mantener el camino claro. - Determinar la distancia hasta un objetivo o pared. - Actuar automáticamente cuando se encuentre con un obstáculo, como retroceder o cambiar de dirección. - Aumentar la seguridad y autonomía del robot en entornos desconocidos.

Este sensor es especialmente útil para robots",2.1184889,4.1467627000000675,0.1630025,52,160,1.7530966,91.26707564203821,692,
2026-06-02T16:57:32.345713,variacion_parametros,llama3.2:3b,top_p,0.9,25,Explica en máximo 120 palabras qué es un sensor ultrasónico y cómo podría usarse en un robot móvil educativo.,0.7,0.9,40,0.0,4096,160,1.1,"Un sensor ultrasónico es un dispositivo que emite ondas sonoras de alta frecuencia y detecta el tiempo de vuelta para medir la distancia a un objeto o superficie. Al recibir las ondas reflejadas, el sensor puede calcular la distancia con gran precisión.

En un robot móvil educativo, un sensor ultrasónico podría usarse para:

* Detectar obstáculos y evitar colisiones
* Medir la profundidad del agua o la altura de una superficie
* Realizar tareas de seguimiento y navegación en entornos desconocidos

Al incorporar este sensor en un robot, los estudiantes pueden aprender sobre el funcionamiento de la sonar y la inteligencia artificial, mientras desarrollan habilidades de programación y",2.0087202,4.041765599999962,0.1523098,52,160,1.6571653,96.55041654565179,690,
2026-06-02T16:57:36.387564,variacion_parametros,llama3.2:3b,top_p,0.9,26,Explica en máximo 120 palabras qué es un sensor ultrasónico y cómo podría usarse en un robot móvil educativo.,0.7,0.9,40,0.0,4096,160,1.1,"Un sensor ultrasónico es un dispositivo que emite sonidos ultrasonicos de alta frecuencia (por encima de 20 kHz) para detectar objetos o obstáculos cercanos. Al recibir los reflejos de esos sonidos, el sensor puede calcular la distancia hasta el objeto.

En un robot móvil educativo, un sensor ultrasónico podría usarse como ""radar"" para evitar colisiones con obstáculos o mantener una distancia segura con otros objetos. También podría ser utilizado para detectar cambios en la distancia y ajustar la velocidad del robot para evitar chocar. Esto permite a los estudiantes aprender sobre movilidad, seguridad y programación de manera interactiva y divertida.",1.9598761,3.99926210000001,0.1559484,52,150,1.6259367,92.25451396724117,658,
2026-06-02T16:57:40.387088,variacion_parametros,llama3.2:3b,top_p,0.9,27,Explica en máximo 120 palabras qué es un sensor ultrasónico y cómo podría usarse en un robot móvil educativo.,0.7,0.9,40,0.0,4096,160,1.1,"Un sensor ultrasonico es un dispositivo que emite ondas sonoras de baja frecuencia y detecta los reflejos que regresan desde objetos cercanos. Esto le permite medir la distancia entre el objeto y el sensor.

En un robot móvil educativo, se podría utilizar un sensor ultrasonico para crear un sistema de detección de obstáculos o límites. Al emprender un movimiento, el robot emite ondas sonoras y detecta los reflejos que regresan desde la pared o objeto cercano. Esto le permite evitar chocar contra ellos y mantenerse en su trayectoria estable. También se puede utilizar para crear una función de seguimiento del espacio alrededor del robot.",1.9987383,4.052025299999968,0.1541626,52,154,1.6587725,92.83973540675409,643,
2026-06-02T16:57:44.439635,variacion_parametros,llama3.2:3b,top_p,0.9,28,Explica en máximo 120 palabras qué es un sensor ultrasónico y cómo podría usarse en un robot móvil educativo.,0.7,0.9,40,0.0,4096,160,1.1,"Un sensor ultrasónico es un dispositivo que emite pulso de ultrasonido y mide el tiempo que tarda en reflejarse. Estos sensores se utilizan comúnmente para medir la distancia a un objeto cercano.

En un robot móvil educativo, un sensor ultrasónico podría usarse para detectar obstáculos o límites en su camino. Al emitir pulso de ultrasonido, el sensor puede determinar la distancia hasta un objeto y ajustar su rumbo según sea necesario. Esto permite al robot moverse a través de entornos desconocidos de manera segura y autónoma, enseñando a los estudiantes sobre la programación y el control de robots.",1.9723749,4.022273700000028,0.1559074,52,152,1.6305826,93.21821537896945,605,
2026-06-02T16:57:48.462428,variacion_parametros,llama3.2:3b,top_p,0.9,29,Explica en máximo 120 palabras qué es un sensor ultrasónico y cómo podría usarse en un robot móvil educativo.,0.7,0.9,40,0.0,4096,160,1.1,"Un sensor ultrasónico es un dispositivo que emite sondas de ultrasonido para detectar obstáculos o objetos cercanos. Funciona mediante la emisión de sonidos de alta frecuencia (entre 20 kHz y 40 kHz) y la medición del tiempo de vuelta del sonido reflejado por los objetos cercanos.

En un robot móvil educativo, un sensor ultrasónico podría usarse para:

* Evitar obstáculos y mantener el equilibrio
* Medir la distancia a otros robots o objetos
* Realizar tareas de navegación y orientación

Este sensor es especialmente útil en entornos de laboratorio o campo abierto, ya que no requiere conexión a una fuente de energía eléctrica",2.0304854,4.095414699999992,0.1523265,52,160,1.6956209,94.36071470928437,632,
2026-06-02T16:57:52.558265,variacion_parametros,llama3.2:3b,top_p,0.9,30,Explica en máximo 120 palabras qué es un sensor ultrasónico y cómo podría usarse en un robot móvil educativo.,0.7,0.9,40,0.0,4096,160,1.1,"Un sensor ultrasónico es un dispositivo que emite una onda de sonido ultrasonico para detectar obstáculos a una distancia determinada. El sensor registra el tiempo que tarda la onda en regresar y calcula la distancia desde el sensor hasta el obstáculo.

En un robot móvil educativo, los sensores ultrasónicos podrían usarse para permitir que el robot evite obstáculos y se mueva por su entorno de manera autónoma. También podrían utilizarse para detectar límites o fronteras y cambiar de dirección si se encuentran con algo. Esto permite a los estudiantes aprender sobre la programación y el movimiento de robots en un entorno realista.",1.9851629,4.0362025000000585,0.1512822,52,154,1.6499306,93.33725915502143,636,
2026-06-02T16:57:56.594876,variacion_parametros,llama3.2:3b,top_p,0.95,1,Explica en máximo 120 palabras qué es un sensor ultrasónico y cómo podría usarse en un robot móvil educativo.,0.7,0.95,40,0.0,4096,160,1.1,"Un sensor ultrasónico es un dispositivo que emite ondas sonoras de alta frecuencia y mide el tiempo que tardan en reflejarse contra objetos cercanos. Este sensor se utiliza para medir la distancia entre el objeto y el sensor.

En un robot móvil educativo, se podría utilizar un sensor ultrasónico como una forma de evitar obstáculos o detectar la presencia de personas o objetos en el entorno. El sensor podría ser conectado a un sistema de control del robot que permita a los estudiantes programar patrones de movimiento y reacciones para aprender sobre la interacción con su entorno.",1.7745344,3.851898599999913,0.1464279,52,132,1.4601644,90.40077952866129,585,
2026-06-02T16:58:00.446919,variacion_parametros,llama3.2:3b,top_p,0.95,2,Explica en máximo 120 palabras qué es un sensor ultrasónico y cómo podría usarse en un robot móvil educativo.,0.7,0.95,40,0.0,4096,160,1.1,"Un sensor ultrasónico es un dispositivo que emite ondas ultrasonoras para medir la distancia a objetos cercanos. Funciona de la siguiente manera: el sensor emite una serie de pulso de sonido, que viajan hasta que chocan con un objeto y regresan al sensor, donde se miden las variaciones en el tiempo de vuelo.

En un robot móvil educativo, un sensor ultrasónico podría usarse para detectar obstáculos y evitarlos, permitiendo al robot moverse de manera segura. También podría ser utilizado para detectar la presencia de objetos o personas a cierta distancia, lo que ayudaría en tareas como el seguimiento de objetos o la detección de límites.",2.0107123,4.064432399999987,0.1540338,52,157,1.6854007,93.15292203213158,642,
2026-06-02T16:58:04.511717,variacion_parametros,llama3.2:3b,top_p,0.95,3,Explica en máximo 120 palabras qué es un sensor ultrasónico y cómo podría usarse en un robot móvil educativo.,0.7,0.95,40,0.0,4096,160,1.1,"Un sensor ultrasónico es un dispositivo que emite sonidos de alta frecuencia a través de un transductor y detecta los sonidos reflejados por objetos cercanos, medidores la distancia hasta el objeto. Estos sensores se utilizan comúnmente en aplicaciones como la detección de obstáculos o la navigación en espacios oscuros.

En un robot móvil educativo, un sensor ultrasónico podría usarse para detectar obstáculos y cambiar su rumbo para evitar chocar con ellos. También podría utilizar este sensor para realizar tareas como detectar la presencia humana o medir las distancias entre objetos en el entorno del robot.",1.8622727,3.9045079999999643,0.1518901,52,146,1.5279705,95.55158296577062,614,
2026-06-02T16:58:08.416498,variacion_parametros,llama3.2:3b,top_p,0.95,4,Explica en máximo 120 palabras qué es un sensor ultrasónico y cómo podría usarse en un robot móvil educativo.,0.7,0.95,40,0.0,4096,160,1.1,"Un sensor ultrasónico es un dispositivo que emite ondas sonoras de alta frecuencia y mide el tiempo que tardan en ser reflejadas por objetos cercanos. Esta información se utiliza para calcular la distancia entre el sensor y el objeto. En un robot móvil educativo, un sensor ultrasónico podría usarse para crear una función ""detención"" o ""avance"", permitiendo al robot cambiar de comportamiento según la proximidad a un obstáculo o un objetivo. Por ejemplo, si el sensor detecta que el robot está cerca de un mueble, puede detenerse y permitir a los estudiantes interactuar con él de manera segura.",1.8409109,3.9129047999999784,0.1513609,52,141,1.520207,92.75052673747719,597,
2026-06-02T16:58:12.329789,variacion_parametros,llama3.2:3b,top_p,0.95,5,Explica en máximo 120 palabras qué es un sensor ultrasónico y cómo podría usarse en un robot móvil educativo.,0.7,0.95,40,0.0,4096,160,1.1,"Un sensor ultrasónico es un dispositivo que emite ondas de ultrasonido y detecta los reflejos que retorno desde objetos cercanos. Este sensor se utiliza para medir la distancia entre el objeto y el sensor, permitiendo al robot ""ver"" su entorno.

En un robot móvil educativo, un sensor ultrasónico podría usarse para evitar obstáculos, detectar cambios en la altura de una superficie o incluso seguir a un jugador. También podría ser utilizado para crear juegos de seguimiento o para ayudar a los niños a comprender conceptos de geometría y medidas. Este sensor es fácil de instalar y programar.",1.8255858,3.889860399999975,0.1583532,52,138,1.4960849,92.24075451867738,594,
2026-06-02T16:58:16.219687,variacion_parametros,llama3.2:3b,top_p,0.95,6,Explica en máximo 120 palabras qué es un sensor ultrasónico y cómo podría usarse en un robot móvil educativo.,0.7,0.95,40,0.0,4096,160,1.1,"Un sensor ultrasónico es un dispositivo que emite sonidos de alta frecuencia ultrasonicos (por debajo de 20 kHz) y mide el tiempo que tardan en regresar los sonidos a través de la atmósfera o objeto. Esto permite medir la distancia hasta el objeto. En un robot móvil educativo, se podría utilizar un sensor ultrasónico para detectar obstáculos y evitar colisiones. El sensor emite sonidos y mide el tiempo de retorno, lo que ayuda al robot a determinar la distancia hasta el objeto y tomar decisiones para evitar chocar con él. Esto puede ser especialmente útil en entornos cerrados o con muchos obstáculos.",1.9623817,4.00854819999995,0.1552397,52,151,1.6250434,92.92059522841052,607,
2026-06-02T16:58:20.228813,variacion_parametros,llama3.2:3b,top_p,0.95,7,Explica en máximo 120 palabras qué es un sensor ultrasónico y cómo podría usarse en un robot móvil educativo.,0.7,0.95,40,0.0,4096,160,1.1,"Un sensor ultrasónico es un dispositivo que emite sonidos ultrasonicos y mide el tiempo necesario para que regresen, lo que permite medir la distancia hasta un objeto. Este sensor se utiliza para detectar obstáculos y evitar colisiones.

En un robot móvil educativo, un sensor ultrasónico podría usarse para:

* Medir la distancia con respecto a la pared o al suelo
* Detectar obstáculos en el camino y cambiar de dirección
* Regresar a un punto específico si se desvía del camino

Este sensor es ideal para robots que necesitan navegar por espacios cerrados y evitar colisiones.",1.827667,3.914782100000025,0.1567155,52,141,1.4950524,94.31107565193032,579,
2026-06-02T16:58:24.143800,variacion_parametros,llama3.2:3b,top_p,0.95,8,Explica en máximo 120 palabras qué es un sensor ultrasónico y cómo podría usarse en un robot móvil educativo.,0.7,0.95,40,0.0,4096,160,1.1,"Un sensor ultrasónico es un dispositivo que emite ondas de ultrasonido y mide el tiempo de vuelta para determinar la distancia a un objeto. Funciona mediante la expansión del sonido cuando collide con una superficie sólida, lo que se traduce en un tiempo de vuelta más corto si el objeto está cerca.

En un robot móvil educativo, un sensor ultrasónico podría usarse para detectar obstáculos y evitar chocar contra ellos. También podría ser utilizado para medir la distancia a los objetivos o para seguir una ruta predefinida. Esto permitiría al robot navegar de manera segura y precisa en entornos con obstáculos.",1.9551246,4.016593599999965,0.1523526,52,150,1.6167479,92.77884325688625,613,
2026-06-02T16:58:28.160498,variacion_parametros,llama3.2:3b,top_p,0.95,9,Explica en máximo 120 palabras qué es un sensor ultrasónico y cómo podría usarse en un robot móvil educativo.,0.7,0.95,40,0.0,4096,160,1.1,"Un sensor ultrasónico es una tecnología que emite ultrasonidos a través de un dispositivo llamado transmisor, y detecta los reflejos de los sonidos que regresan del entorno. Estos reflejos se miden con un detector y son utilizados para calcular la distancia entre el sensor y objetos cercanos.

En un robot móvil educativo, un sensor ultrasónico podría usarse para permitir al robot detectar obstáculos y evitar colisiones. También podría usarse para medir la altura de pasos o para detectar cambios en la profundidad del agua. Esto permite a los robots autónomos navegar y interactuar con su entorno de manera segura y precisa.",1.9952075,4.0673494999999775,0.1573067,52,154,1.6548764,93.05830936981154,628,
2026-06-02T16:58:32.228398,variacion_parametros,llama3.2:3b,top_p,0.95,10,Explica en máximo 120 palabras qué es un sensor ultrasónico y cómo podría usarse en un robot móvil educativo.,0.7,0.95,40,0.0,4096,160,1.1,"Un sensor ultrasónico es un dispositivo que emite ondas sonoras de alta frecuencia y mide el tiempo que tarda en reflejarse contra un objeto cercano. Esta información se utiliza para calcular la distancia entre el sensor y el objeto.

En un robot móvil educativo, un sensor ultrasónico podría usarse para detectar obstáculos y evitar colisiones. Al detectar objetos cerca, el robot puede cambiar de dirección o reducir su velocidad para evitar un impacto. Este componente es especialmente útil en entornos rígidos y en robots que deben interactuar con su entorno de manera segura.",1.7603475,3.8227861000000303,0.158859,52,133,1.4372589,92.53725964055606,580,
2026-06-02T16:58:36.051221,variacion_parametros,llama3.2:3b,top_p,0.95,11,Explica en máximo 120 palabras qué es un sensor ultrasónico y cómo podría usarse en un robot móvil educativo.,0.7,0.95,40,0.0,4096,160,1.1,"Un sensor ultrasónico es un dispositivo que emite ondas sonoras de alta frecuencia y mide el tiempo entre su emisión y la recepción del eco, permitiendo determinar la distancia a un objeto cercano. En un robot móvil educativo, se puede utilizar un sensor ultrasónico para detectar obstáculos y evitar colisiones. El sensor puede estar integrado en una antena que se adhiere a una superficie o se incluye en el propio chassis del robot. Al detectar la distancia al objeto cercano, el robot puede tomar decisiones para cambiar de dirección o detenerse. Esto permite a los estudiantes aprender sobre programación y seguridad.",1.862179,3.898278600000026,0.1507247,52,143,1.5338932,93.22682961238762,622,
2026-06-02T16:58:39.949985,variacion_parametros,llama3.2:3b,top_p,0.95,12,Explica en máximo 120 palabras qué es un sensor ultrasónico y cómo podría usarse en un robot móvil educativo.,0.7,0.95,40,0.0,4096,160,1.1,"Un sensor ultrasónico es un dispositivo que emite ondas de ultrasonido para detectar objetos cercanos. Estas ondas viajan hasta que chocan con algo, luego vuelven hacia el sensor y se convierten en señales que son medidas por un microprocesador. Este sensor se utiliza comúnmente en sistemas de detección de obstáculos.

En un robot móvil educativo, un sensor ultrasónico podría usarse para detectar objetos cercanos y tomar decisiones sobre cómo avanzar o cambiar dirección. Por ejemplo, si el robot encuentra una pared, puede girar hacia la izquierda o derecha para evitar chocar. También puede usar este sensor para seguir las líneas o patrones en un ambiente determinado.",2.0631619,4.121209300000032,0.1637585,52,159,1.7087643,93.04969678966258,675,
2026-06-02T16:58:44.071340,variacion_parametros,llama3.2:3b,top_p,0.95,13,Explica en máximo 120 palabras qué es un sensor ultrasónico y cómo podría usarse en un robot móvil educativo.,0.7,0.95,40,0.0,4096,160,1.1,"Un sensor ultrasónico es un dispositivo que emite ondas sonoras de alta frecuencia y mide la duración del tiempo que tardan en reflejarse de una superficie cercana. Este tiempo se utiliza para calcular la distancia a la superficie. El sensor ultrasónico puede detectar obstáculos, medidas de distancia precisas y seguimiento de objetos. En un robot móvil educativo, este sensor podría usarse para:

- Evitar colisiones con obstáculos o personas
- Medir el espacio disponible para evitar caídas
- Seguir a objetos moviéndose en la trayectoria del robot
- Establecer límites de seguridad y controlar las misiones.",1.9470389,3.9997992999999497,0.1593771,52,152,1.6011717,94.93048122197013,611,
2026-06-02T16:58:48.071663,variacion_parametros,llama3.2:3b,top_p,0.95,14,Explica en máximo 120 palabras qué es un sensor ultrasónico y cómo podría usarse en un robot móvil educativo.,0.7,0.95,40,0.0,4096,160,1.1,"Un sensor ultrasónico es un dispositivo que emite ondas sonoras de alta frecuencia y mide el tiempo que tardan en ser reflejadas por una superficie cercana. El sensor utiliza este tiempo para calcular la distancia entre sí mismo y la superficie. En un robot móvil educativo, un sensor ultrasónico podría usarse para:

- Detectar obstáculos y evitar colisiones.
- Medir la distancia hasta un objetivo para realizar movimientos precisos.
- Controlar las distancias mínimas de seguimiento para garantizar que el robot se mantenga a una distancia segura.

Esto puede ser especialmente útil en entornos desconocidos o con objetos móviles.",1.9120971,3.9667130999999927,0.160372,52,149,1.5657717,95.16074405994182,633,
2026-06-02T16:58:52.038444,variacion_parametros,llama3.2:3b,top_p,0.95,15,Explica en máximo 120 palabras qué es un sensor ultrasónico y cómo podría usarse en un robot móvil educativo.,0.7,0.95,40,0.0,4096,160,1.1,"Un sensor ultrasónico es un dispositivo que mide la distancia desde el objeto hasta la fuente de sonido emitiendo ondas sonoras ultrasonicas. Cuando estas ondas chocan con un objeto, se reflejan de regreso al sensor y su frecuencia se ajusta según la distancia recorrida.

En un robot móvil educativo, un sensor ultrasónico podría usarse para detectar obstáculos o límites en el entorno. El robot puede utilizar esta información para cambiar de dirección, evitar obstáculos o incluso interactuar con objetos en su camino. También se puede utilizar para medir la distancia a otros robots o objetos en la habitación, lo que ayuda al robot a navegar y mantener una posición estable.",2.0286929,4.076350199999979,0.1589115,52,158,1.6751852,94.31792974293231,679,
2026-06-02T16:58:56.115434,variacion_parametros,llama3.2:3b,top_p,0.95,16,Explica en máximo 120 palabras qué es un sensor ultrasónico y cómo podría usarse en un robot móvil educativo.,0.7,0.95,40,0.0,4096,160,1.1,"Un sensor ultrasónico es un dispositivo que emite ondas de ultrasonido hacia el espacio cercano y detecta las reflejas que regresan. Estas ondas se utilizan para medir la distancia al objeto en el entorno. El sensor ultrasónico puede ser utilizado en un robot móvil educativo para detectar obstáculos, evitar colisiones o seguimiento de objetos fijos. También permite medir la altura del suelo o la distancia hasta un objetivo, lo que puede ser útil en aplicaciones como el control de movimiento o la navegación. Es una herramienta simple y económica que puede agregar funcionalidades avanzadas a un robot educativo.",1.9322597,3.9729286000000457,0.1587875,52,146,1.5781459,92.5136262749851,616,
2026-06-02T16:59:00.088640,variacion_parametros,llama3.2:3b,top_p,0.95,17,Explica en máximo 120 palabras qué es un sensor ultrasónico y cómo podría usarse en un robot móvil educativo.,0.7,0.95,40,0.0,4096,160,1.1,"Un sensor ultrasónico es un dispositivo que emite y detecta ondas sonoras de alta frecuencia para medir la distancia a objetos cercanos. Funciona enviando impulsos de ultrasonido hacia el entorno y midiendo el tiempo que tardan en reflejarse y regresar al sensor. Este tiempo es calculado para determinar la distancia, por lo general en centímetros o metros.

En un robot móvil educativo, un sensor ultrasónico podría usarse para:

* Evitar obstáculos y mantener el equilibrio.
* Medir la profundidad del agua o la altura de una superficie.
* Controlar la velocidad del robot según las condiciones del entorno.
* Realizar tareas de reconocimiento de objetos y espacio.",1.9929231,4.049963999999932,0.1469352,52,160,1.6520989,96.84650234922377,668,
2026-06-02T16:59:04.138920,variacion_parametros,llama3.2:3b,top_p,0.95,18,Explica en máximo 120 palabras qué es un sensor ultrasónico y cómo podría usarse en un robot móvil educativo.,0.7,0.95,40,0.0,4096,160,1.1,"Un sensor ultrasónico es un dispositivo que emite ondas ultrasonicas y mede el tiempo de vuelta para detectar objetos cercanos. Funciona mediante la creación de una ""cápsula sonora"" que se mueve a través del espacio y emite pulsos de sonido. Cuando el pulso es reflejado por un objeto, el sensor mide el tiempo de vuelta y calcula la distancia entre el sensor y el objeto.

En un robot móvil educativo, un sensor ultrasónico podría usarse para la detección de obstáculos en el camino del robot, permitiendo que evite colisiones y mantenga su movimiento estable. También podría ser utilizado para seguir líneas o patrones en el terreno.",2.0481257,4.075125400000047,0.1467077,52,160,1.7151201,93.28792776669108,635,
2026-06-02T16:59:08.214150,variacion_parametros,llama3.2:3b,top_p,0.95,19,Explica en máximo 120 palabras qué es un sensor ultrasónico y cómo podría usarse en un robot móvil educativo.,0.7,0.95,40,0.0,4096,160,1.1,"Un sensor ultrasónico es un dispositivo que emite ondas de sonido ultrasonicas para medir la distancia hasta un objeto cercano. Al detectar el eco del sonido regresante, el sensor puede calcular la distancia entre el receptor y el objeto.

En un robot móvil educativo, un sensor ultrasónico podría usarse para evitar obstáculos, medir la altura de los objetos o detectar la presencia de personas o otros robots. Esto permitiría al robot realizar tareas más complejas como caminar por una trama plana y detectar cambios en su entorno. También podría usarlo para crear un sistema de ""deteción de obstáculos"" que alerte al usuario sobre la proximidad de objetos.",2.0366396,4.070795099999941,0.1512369,52,158,1.6930186,93.32443246636511,659,
2026-06-02T16:59:12.285488,variacion_parametros,llama3.2:3b,top_p,0.95,20,Explica en máximo 120 palabras qué es un sensor ultrasónico y cómo podría usarse en un robot móvil educativo.,0.7,0.95,40,0.0,4096,160,1.1,"Un sensor ultrasónico es un dispositivo que utiliza ondas sonoras infrarrojas para detectar objetos a una distancia. Funciona mediante la emisión de ondas sonoras y la medición del tiempo que tardan en regresar. Al detectar la ausencia o presencia de objetivos, se puede determinar su distancia.

En un robot móvil educativo, un sensor ultrasónico podría usarse para detectar obstáculos, evitar colisiones con paredes u otros objetos y mantener una distancia segura del suelo. También podría ser utilizado para medir la altura de obstáculos o detectar cambios en el entorno.",1.7423267,3.804252599999927,0.1458314,52,136,1.4346409,94.79724159544037,574,
2026-06-02T16:59:16.090017,variacion_parametros,llama3.2:3b,top_p,0.95,21,Explica en máximo 120 palabras qué es un sensor ultrasónico y cómo podría usarse en un robot móvil educativo.,0.7,0.95,40,0.0,4096,160,1.1,"Un sensor ultrasónico es una tecnología que emite pulsos sonoros de alta frecuencia y mide el tiempo que tarda en llegar el eco a su receptor. Esto le permite medir la distancia entre el objeto que lo emite y los objetos cercanos.

En un robot móvil educativo, un sensor ultrasónico podría usarse para evitar obstáculos y navegar por un entorno. Al emitir pulsos sonoros, el robot puede detectar su alrededor y ajustar su trayectoria para evitar chocar con objetos. También puede utilizar esta tecnología para medir la distancia y realizar tareas como levantar objetos o alcanzar metas específicas.",1.9264229,4.005519199999981,0.1573611,52,147,1.5867842,92.64019644259125,598,
2026-06-02T16:59:20.095966,variacion_parametros,llama3.2:3b,top_p,0.95,22,Explica en máximo 120 palabras qué es un sensor ultrasónico y cómo podría usarse en un robot móvil educativo.,0.7,0.95,40,0.0,4096,160,1.1,"Un sensor ultrasónico es una herramienta que utiliza ondas de ultrasonido para medir la distancia entre el objeto y su fuente. Cuando se dispara, las ondas de ultrasonido viajan hacia el objeto y regresan al receptor, proporcionando información sobre la distancia a éste.

En un robot móvil educativo, un sensor ultrasónico podría usarse para detectar obstáculos en el entorno y evitar chocar con ellos. También podría servir para medir la profundidad del agua o la distancia desde un objeto en el espacio de juego. Esto permitiría al robot navegar de manera más segura y responder a sus usuarios de manera más precisa, lo que haría que el interacción con el robot sea más segura",2.002311,4.032406700000024,0.1451496,52,160,1.674012,95.57876526572092,679,
2026-06-02T16:59:24.128703,variacion_parametros,llama3.2:3b,top_p,0.95,23,Explica en máximo 120 palabras qué es un sensor ultrasónico y cómo podría usarse en un robot móvil educativo.,0.7,0.95,40,0.0,4096,160,1.1,"Un sensor ultrasónico es un dispositivo que emite ondas sonoras ultrasonicas (sonidos de más de 20 kHz) y detecta el tiempo de vuelta para calcular la distancia a un objeto cercano. Estas ondas se propagan hacia adelante, rebotando en los objetos y regresando al sensor, que mide la diferencia de tiempo para determinar la distancia.

En un robot móvil educativo, un sensor ultrasónico podría usarse para detectar obstáculos y cambiar de dirección o velocidad cuando sea necesario. También podría ser utilizado para seguir una línea o evitar paredes, permitiendo a los estudiantes experimentar con la programación y el control de movimientos en un entorno realista y seguro.",1.9929355,4.070584399999916,0.1548948,52,155,1.6573908,93.52049015838631,674,
2026-06-02T16:59:28.199375,variacion_parametros,llama3.2:3b,top_p,0.95,24,Explica en máximo 120 palabras qué es un sensor ultrasónico y cómo podría usarse en un robot móvil educativo.,0.7,0.95,40,0.0,4096,160,1.1,"Un sensor ultrasónico es un dispositivo que emite ondas sonoras de alta frecuencia y mide el tiempo que tarda en reflejarse contra un objeto o superficie. Estos sensores se utilizan comúnmente para medir la distancia entre objetos. En un robot móvil educativo, un sensor ultrasónico podría usarse para evitar obstáculos, detectar cambios en la distancia y realizar tareas como el seguimiento de objetos o la detección de límites. También se pueden utilizar para crear efectos visuales y audiovisuales, como la detección de personas o animales a una cierta distancia. Es una herramienta útil para los robots educativos que buscan aprender sobre la percepción espacial y el movimiento.",2.0545882,4.10732859999996,0.148037,52,160,1.7173098,93.16897859663993,683,
2026-06-02T16:59:32.307246,variacion_parametros,llama3.2:3b,top_p,0.95,25,Explica en máximo 120 palabras qué es un sensor ultrasónico y cómo podría usarse en un robot móvil educativo.,0.7,0.95,40,0.0,4096,160,1.1,"Un sensor ultrasónico es un dispositivo que emite ondas sonoras ultrasonicas y mide el tiempo de vuelta para detectar la distancia entre él y un obstáculo. Funciona mediante la detección de las ondas reflejadas regresando al sensor.

En un robot móvil educativo, se podría usar un sensor ultrasónico para crear una función de ""deteción de obstáculos"" que permite al robot evitar colisiones con objetos del entorno. Esto puede ser útil en la creación de misiones y desafíos para el robot, como caminar a través de un campo de obstáculos o navegar en torno a muebles.",1.9232035,3.9966736000000083,0.1504089,52,148,1.5975424,92.64229857060445,565,
2026-06-02T16:59:36.304360,variacion_parametros,llama3.2:3b,top_p,0.95,26,Explica en máximo 120 palabras qué es un sensor ultrasónico y cómo podría usarse en un robot móvil educativo.,0.7,0.95,40,0.0,4096,160,1.1,"Un sensor ultrasónico es un dispositivo que emite ondas sonoras de alta frecuencia y mide el tiempo que tardan en ser reflejadas por una superficie. Estas ondas son más cortas que la longitud de la onda del sonido humano, lo que permite detectar objetos a gran distancia con mayor precisión.

En un robot móvil educativo, un sensor ultrasónico podría usarse para detectar obstáculos en el entorno y evitar chocar. También podría servir para medir la distancia al suelo o a otros objetos para controlar la altura del robot. Esto permitiría al robot moverse de manera más segura y autónoma, lo que aumentaría la experiencia de aprendizaje para los estudiantes.",2.0544551,4.117644400000017,0.1517333,52,160,1.7135218,93.37494276407804,658,
2026-06-02T16:59:40.422125,variacion_parametros,llama3.2:3b,top_p,0.95,27,Explica en máximo 120 palabras qué es un sensor ultrasónico y cómo podría usarse en un robot móvil educativo.,0.7,0.95,40,0.0,4096,160,1.1,"Un sensor ultrasónico es un dispositivo que emite ondas sonoras de alta frecuencia y mide el tiempo que tardan en reflejarse contra un objeto en su camino. Esto permite medir la distancia entre el sensor y el objeto. En un robot móvil educativo, un sensor ultrasónico podría usarse para detectar obstáculos y evitar colisiones. También podría ser utilizado para realizar tareas como la navegación y la detección de presencia. Esto permitiría al robot moverse de manera segura y precisa, enseñando a los estudiantes sobre programación, robótica y control de movimientos en tiempo real.",1.7850989,3.8577194000000645,0.1414573,52,138,1.4851214,92.92169650238695,584,
2026-06-02T16:59:44.280328,variacion_parametros,llama3.2:3b,top_p,0.95,28,Explica en máximo 120 palabras qué es un sensor ultrasónico y cómo podría usarse en un robot móvil educativo.,0.7,0.95,40,0.0,4096,160,1.1,"Un sensor ultrasónico es un dispositivo que emite ondas de sonido ultrasonicas y mide el tiempo que tardan en reflexionar contra un objeto cercano. Este tiempo se utiliza para calcular la distancia al objeto. En un robot móvil educativo, un sensor ultrasónico podría ser utilizado como ""radar"" para evitar obstáculos, detectar objetos cerca y cambiar de dirección automáticamente. Además, se puede utilizar para medir la altura del suelo o la longitud de las diferentes partes del robot, permitiendo a los estudiantes aprender sobre geometría y medidas con una experiencia práctica y interactiva.",1.6714408,3.728693499999963,0.1567427,52,131,1.3543711,96.72385950940624,596,
2026-06-02T16:59:48.009366,variacion_parametros,llama3.2:3b,top_p,0.95,29,Explica en máximo 120 palabras qué es un sensor ultrasónico y cómo podría usarse en un robot móvil educativo.,0.7,0.95,40,0.0,4096,160,1.1,"Un sensor ultrasónico es un dispositivo que emite ondas de sonido ultrasonicas y detecta las reflecciones que reciben. Estas ondas se utilizan para medir la distancia entre el sensor y objetos cercanos. El sensor ultrasónico puede ser utilizado en un robot móvil educativo para:

* Medir la distancia a objetos, permitiendo al robot evitar obstáculos
* Controlar la velocidad del robot en función de su entorno
* Realizar tareas como ""buscando"" o ""-evitando"" objetos en el camino

Este sensor es especialmente útil en robots educativos ya que permite una interacción segura y controlada con el entorno.",1.8899995,3.957524800000101,0.1439283,52,147,1.5799572,93.04049502100438,602,
2026-06-02T16:59:51.967294,variacion_parametros,llama3.2:3b,top_p,0.95,30,Explica en máximo 120 palabras qué es un sensor ultrasónico y cómo podría usarse en un robot móvil educativo.,0.7,0.95,40,0.0,4096,160,1.1,"Un sensor ultrasónico es un dispositivo que emite ondas sonoras ultrasonicas y detecta el tiempo de vuelo entre la onda emitida y su reflejo en objetos cercanos. Esta tecnología se utiliza para medir distancias y determinar la proximidad a objetos.

En un robot móvil educativo, un sensor ultrasónico podría utilizarse como una herramienta de seguridad para evitar colisiones con obstáculos o personas. Al detectar la distancia al objeto, el robot puede cambiar de dirección o frenar para evitar accidentes. Esta tecnología también se puede utilizar en la detección de objetos en el entorno del robot, permitiendo a los estudiantes aprender sobre el uso de sensores en robots autónomos.",2.1037272,4.151594500000101,0.1523585,52,160,1.7635159,90.7278465705923,686,
2026-06-02T16:59:56.118998,variacion_parametros,llama3.2:3b,repeat_penalty,1.0,1,Explica en máximo 120 palabras qué es un sensor ultrasónico y cómo podría usarse en un robot móvil educativo.,0.7,0.9,40,0.0,4096,160,1.0,"Un sensor ultrasónico es un dispositivo que emite ultrasonidos y detecta los reflejos que reciben de objetos cercanos. Funciona mediante un emisor y un receptor, que miden la distancia entre el objeto y el sensor. El sensor ultrasónico puede detectar objetos a una distancia de hasta 1-2 metros, lo que lo hace ideal para aplicaciones que requieren la detección de obstáculos o la navegación en espacios cerrados.

En un robot móvil educativo, un sensor ultrasónico podría usarse para detectar obstáculos y evitar chocar contra ellos, permitiendo a los estudiantes aprender sobre la programación y la interacción con el entorno físico. También podría usarse para crear patrones de",2.0089718,4.074839400000087,0.1438568,52,160,1.7735696,90.21354448114131,680,
2026-06-02T17:00:00.194453,variacion_parametros,llama3.2:3b,repeat_penalty,1.0,2,Explica en máximo 120 palabras qué es un sensor ultrasónico y cómo podría usarse en un robot móvil educativo.,0.7,0.9,40,0.0,4096,160,1.0,"Un sensor ultrasónico es un dispositivo que emite ondas de ultrasonido y mide el tiempo de reflujo para determinar la distancia a un objeto cercano. Funciona de la siguiente manera: se emite una señal de ultrasonido y se mide el tiempo que tarda en reflejarse de regreso. Con esta información, se puede calcular la distancia al objeto.

En un robot móvil educativo, un sensor ultrasónico podría usarse para detectar obstáculos y evitar colisiones. Por ejemplo, si el robot se acerca demasiado a un obstáculo, el sensor ultrasónico detectará la distancia y el robot podría cambiar de dirección o detenerse. Esto puede ayudar a prevenir accidentes y mejorar",2.0234692,4.080136200000084,0.1490313,52,160,1.7725508,90.26539606086324,655,
2026-06-02T17:00:04.274834,variacion_parametros,llama3.2:3b,repeat_penalty,1.0,3,Explica en máximo 120 palabras qué es un sensor ultrasónico y cómo podría usarse en un robot móvil educativo.,0.7,0.9,40,0.0,4096,160,1.0,"Un sensor ultrasónico es un dispositivo que mide la distancia a un objeto a través de ondas de ultrasonido. Funciona emitiendo sonidos de alta frecuencia y midiendo el tiempo que tardan en ser reflejados por un objeto. El sensor ultrasónico puede medir distancias de hasta 5 metros.

En un robot móvil educativo, un sensor ultrasónico podría usarse para evitar obstáculos, detectar objetos a distancia, o medir el tamaño de un espacio. Por ejemplo, podría ser utilizado para que el robot se detenga frente a una pared o un obstáculo, permitiendo a los estudiantes ver cómo funciona el sensor en la práctica.",1.8895876,3.959901500000001,0.1569879,52,146,1.6367699,89.2000763210516,607,
2026-06-02T17:00:08.235188,variacion_parametros,llama3.2:3b,repeat_penalty,1.0,4,Explica en máximo 120 palabras qué es un sensor ultrasónico y cómo podría usarse en un robot móvil educativo.,0.7,0.9,40,0.0,4096,160,1.0,"Un sensor ultrasónico es un dispositivo que emite ondas sonoras de alta frecuencia y detecta el tiempo de vuelo de estas ondas cuando chocan con un objeto. El sensor utiliza esta información para calcular la distancia entre el sensor y el objeto.

En un robot móvil educativo, un sensor ultrasónico podría usarse para la detección de obstáculos, la navegación y la automatización de movimientos. Por ejemplo, el robot podría utilizar un sensor ultrasónico para evitar obstáculos, como un banco o una pared, mientras se mueve a través de un entorno. También podría utilizarlo para seguir una ruta o cambiar de dirección si se encuentra con un obstáculo. Esto permitiría a los estudiantes programar y entender",1.9943905,4.041477500000042,0.1470698,52,160,1.7437555,91.7559829918816,707,
2026-06-02T17:00:12.277082,variacion_parametros,llama3.2:3b,repeat_penalty,1.0,5,Explica en máximo 120 palabras qué es un sensor ultrasónico y cómo podría usarse en un robot móvil educativo.,0.7,0.9,40,0.0,4096,160,1.0,"Un sensor ultrasónico es un dispositivo que emite ondas sonoras de alta frecuencia y medea el tiempo que tardan en reflejarse en un objeto cercano. Esta información se utiliza para determinar la distancia entre el sensor y el objeto. En un robot móvil educativo, un sensor ultrasónico podría usarse para evitar obstáculos, medir la distancia entre el robot y un objetivo, o detectar objetos cercanos. También podría ser utilizado para crear un sistema de seguimiento del objeto, permitiendo al robot realizar acciones específicas según la distancia a un objetivo. Es una herramienta útil para la programación y el aprendizaje de los estudiantes.",1.7781704,3.8283067999999503,0.147319,52,142,1.5473413,91.77031596067397,645,
2026-06-02T17:00:16.105730,variacion_parametros,llama3.2:3b,repeat_penalty,1.0,6,Explica en máximo 120 palabras qué es un sensor ultrasónico y cómo podría usarse en un robot móvil educativo.,0.7,0.9,40,0.0,4096,160,1.0,"Un sensor ultrasónico es un dispositivo que emite sonidos de alta frecuencia (ultrasónicos) y mide el tiempo que tardan en ser reflejados por un objeto cercano. Al calcular el tiempo de vuelta, el sensor puede determinar la distancia entre el dispositivo y el objeto. En un robot móvil educativo, un sensor ultrasónico podría usarse para detectar obstáculos, evitar chocar con paredes o mantener una distancia segura con un objeto. También podría ser utilizado para detectar cambios en la distancia, lo que podría ser útil para la navegación o la detección de objetos. Esto permitiría al robot tomar decisiones autónomas y interactuar con su entorno de manera más segura.",1.9968541,4.066895900000077,0.1394379,52,160,1.7661641,90.59180854146,671,
2026-06-02T17:00:20.173009,variacion_parametros,llama3.2:3b,repeat_penalty,1.0,7,Explica en máximo 120 palabras qué es un sensor ultrasónico y cómo podría usarse en un robot móvil educativo.,0.7,0.9,40,0.0,4096,160,1.0,"Un sensor ultrasónico es un dispositivo que emite ondas sonoras de alta frecuencia y mide el tiempo que tardan en ser reflejadas por un objeto cercano. Este tiempo se utiliza para calcular la distancia entre el sensor y el objeto. En un robot móvil educativo, un sensor ultrasónico podría usarse para evitar obstáculos, detectar cambios en el entorno y realizar tareas de seguimiento. Por ejemplo, el robot podría usar un sensor ultrasónico para evitar chocar con paredes o objetos, y luego seguir un camino predefinido. Esto permite a los niños aprender sobre la programación y la inteligencia artificial de manera divertida y interactiva.",1.8993154,3.9549359000000095,0.1455093,52,148,1.6612949,89.08713317545248,640,
2026-06-02T17:00:24.127795,variacion_parametros,llama3.2:3b,repeat_penalty,1.0,8,Explica en máximo 120 palabras qué es un sensor ultrasónico y cómo podría usarse en un robot móvil educativo.,0.7,0.9,40,0.0,4096,160,1.0,"Un sensor ultrasónico es un dispositivo que emite una onda ultrasonica y medía el tiempo de vuelta para determinar la distancia hasta un objeto. Funciona mediante la emisión de una onda sonora a una frecuencia altísima y la detección de la onda de regreso.

En un robot móvil educativo, el sensor ultrasónico se puede utilizar para detectar obstáculos, como paredes, esquinas o objetos, y evitar chocar contra ellos. También puede usarse para medir la distancia entre el robot y un objetivo, como un objeto o una persona, lo que puede ser útil para la navegación y la localización.",1.848631,3.898920299999986,0.1416564,52,146,1.6173407,90.27164159042063,581,
2026-06-02T17:00:28.027114,variacion_parametros,llama3.2:3b,repeat_penalty,1.0,9,Explica en máximo 120 palabras qué es un sensor ultrasónico y cómo podría usarse en un robot móvil educativo.,0.7,0.9,40,0.0,4096,160,1.0,"Un sensor ultrasónico es un dispositivo que emite sonido ultrasonico y detecta el tiempo que tarda en regresar la onda reflejada. Este tiempo se utiliza para calcular la distancia entre el sensor y un objeto. En un robot móvil educativo, un sensor ultrasónico podría usarse para evitar obstáculos, detectar objetos en el camino y mantener una distancia segura. También podría usarse para crear un sistema de detección de distancia, lo que permitiría al robot cambiar de dirección o detenerse cuando se acerque a un objeto. Es una herramienta útil para crear robots autónomos y fáciles de usar.",1.8129126,3.8579544000000396,0.1453533,52,143,1.575832,90.74571401012291,593,
2026-06-02T17:00:31.885421,variacion_parametros,llama3.2:3b,repeat_penalty,1.0,10,Explica en máximo 120 palabras qué es un sensor ultrasónico y cómo podría usarse en un robot móvil educativo.,0.7,0.9,40,0.0,4096,160,1.0,"Un sensor ultrasónico es un dispositivo que emite ondas sonoras ultrasonicas y mide el tiempo de vuelta para detectar la distancia a objetos cercanos. Funciona detectando la diferencia en el tiempo entre cuando se emite la onda y cuando se recibe el eco.

En un robot móvil educativo, un sensor ultrasónico podría usarse para detectar obstáculos y evitar chocar con ellos. Por ejemplo, podría ser utilizado en un robot que se mueve por un espacio para evitar obstáculos y mantener su posición. También podría ser utilizado para medir la distancia al suelo y ajustar su altura para mantenerse estable.",1.7466237,3.783399499999973,0.1535158,52,140,1.5096334,92.73774679336056,600,
2026-06-02T17:00:35.669077,variacion_parametros,llama3.2:3b,repeat_penalty,1.0,11,Explica en máximo 120 palabras qué es un sensor ultrasónico y cómo podría usarse en un robot móvil educativo.,0.7,0.9,40,0.0,4096,160,1.0,"Un sensor ultrasónico es un dispositivo que emite ondas de ultrasonido hacia su entorno y detecta las ondas reflejadas para determinar la distancia a un objeto. Se utiliza para medir la distancia y detectar obstáculos en un entorno.

En un robot móvil educativo, un sensor ultrasónico podría usarse para:

* Medir la distancia entre el robot y los obstáculos para evitar colisiones
* Detectar cambios en la distancia para ajustar la velocidad del robot
* Realizar tareas de seguimiento y seguimiento de objetos en un entorno

Este sensor puede ser especialmente útil en entornos con objetos pequeños o en movimiento, permitiendo al robot navegar de manera más segura y eficiente",1.9541244,4.013320399999998,0.1464668,52,160,1.7048831,93.8480767391031,678,
2026-06-02T17:00:39.682978,variacion_parametros,llama3.2:3b,repeat_penalty,1.0,12,Explica en máximo 120 palabras qué es un sensor ultrasónico y cómo podría usarse en un robot móvil educativo.,0.7,0.9,40,0.0,4096,160,1.0,"Un sensor ultrasónico es un dispositivo que emite ondas sonoras de alta frecuencia y mede el tiempo de vuelta para detectar obstáculos o objetos cerca. Funciona mediante un circuito de ultrasonido que emite y recibe las ondas sonoras, lo que permite medir la distancia al objeto.

En un robot móvil educativo, un sensor ultrasónico podría usarse para detectar obstáculos y cambiar de dirección o frenar de manera segura. También podría usarse para medir la distancia desde el suelo, lo que podría ser útil para evitar caídas o para detectar cambios en el terreno. Esto podría ser especialmente útil en entornos con muchos obstáculos.",1.8991687,3.944518300000027,0.1487863,52,155,1.6555518,93.6243734566324,633,
2026-06-02T17:00:43.627817,variacion_parametros,llama3.2:3b,repeat_penalty,1.0,13,Explica en máximo 120 palabras qué es un sensor ultrasónico y cómo podría usarse en un robot móvil educativo.,0.7,0.9,40,0.0,4096,160,1.0,"Un sensor ultrasónico es un dispositivo que emite sonidos de alta frecuencia y mide el tiempo de vuelta para detectar objetos cercanos. Funciona mediante la emisión de pulso de ultrasonido y la detección del eco que regresa. El sensor puede determinar la distancia entre el robot y el objeto.

En un robot móvil educativo, un sensor ultrasónico podría usarse para detectar obstáculos y evitar colisiones. También podría ser utilizado para medir la distancia entre el robot y el suelo, lo que podría ser útil para la navegación y la orientación. Además, podría ser utilizado para crear juegos y actividades interactivas para los estudiantes.",1.8639851,3.9139537999999447,0.1479278,52,148,1.6242714,91.1177774847233,640,
2026-06-02T17:00:47.542033,variacion_parametros,llama3.2:3b,repeat_penalty,1.0,14,Explica en máximo 120 palabras qué es un sensor ultrasónico y cómo podría usarse en un robot móvil educativo.,0.7,0.9,40,0.0,4096,160,1.0,"Un sensor ultrasónico es un dispositivo que emite ondas sonoras de alta frecuencia y mide el tiempo que tardan en ser reflejadas por un objeto cercano. Estas ondas se pueden detectar y analizar para determinar la distancia entre el sensor y el objeto. En un robot móvil educativo, un sensor ultrasónico podría usarse para medir la distancia al suelo, la altura del robot o la distancia a objetos cercanos. Esto permitiría al robot realizar tareas como caminar, pararse o evitar obstáculos. Además, proporcionaría información valiosa para el aprendizaje de los estudiantes sobre la física y la ingeniería.",1.8958349,3.956269200000065,0.1573287,52,145,1.6323931,88.8266435333499,604,
2026-06-02T17:00:51.498788,variacion_parametros,llama3.2:3b,repeat_penalty,1.0,15,Explica en máximo 120 palabras qué es un sensor ultrasónico y cómo podría usarse en un robot móvil educativo.,0.7,0.9,40,0.0,4096,160,1.0,"Un sensor ultrasónico es un dispositivo que emite ondas ultrasónicas y detecta los reflejos que regresan. Estas ondas tienen una longitud de onda muy corta, por lo que no son visibles para los ojos humanos. El sensor ultrasónico utiliza un receptor para detectar los reflejos y calcular la distancia desde el objeto que emite las ondas. Este sensor se puede usar en un robot móvil educativo para crear un sistema de detección de obstáculos, permitiendo al robot navegar por un entorno sin obstáculos. También se puede utilizar para medir la distancia hasta un objeto y evitar colisiones.",1.8606384,3.9342764000000443,0.1538716,52,145,1.6129075,89.89976176563133,587,
2026-06-02T17:00:55.433265,variacion_parametros,llama3.2:3b,repeat_penalty,1.0,16,Explica en máximo 120 palabras qué es un sensor ultrasónico y cómo podría usarse en un robot móvil educativo.,0.7,0.9,40,0.0,4096,160,1.0,"Un sensor ultrasónico es un dispositivo que emite ondas sonoras de alta frecuencia y detecta las ondas reflejadas de un objeto. La diferencia entre la frecuencia de emisión y la frecuencia de reflejo permite medir la distancia al objeto.

En un robot móvil educativo, un sensor ultrasónico podría usarse para detectar obstáculos, evitar colisiones y realizar tareas como medir la distancia a un objetivo. También podría utilizarse para detectar cambios en la distancia, lo que podría ser útil para robots que necesitan adaptarse a un entorno cambiante. Esto podría ser útil para robots que se mueven en un entorno desconocido.",1.881362,3.916765000000055,0.1446414,52,149,1.6416289,90.76350934124028,626,
2026-06-02T17:00:59.350427,variacion_parametros,llama3.2:3b,repeat_penalty,1.0,17,Explica en máximo 120 palabras qué es un sensor ultrasónico y cómo podría usarse en un robot móvil educativo.,0.7,0.9,40,0.0,4096,160,1.0,"Un sensor ultrasónico es un dispositivo que emite ondas ultrasónicas y mide el tiempo de vuelta para detectar objetos cerca. Funciona enviando ondas sonoras a través de un sensor que las recibe y calcula la distancia hasta el objeto. Este sensor se puede usar en un robot móvil educativo para la detección de obstáculos y la navegación. Al detectar objetos cercanos, el robot puede cambiar de dirección o detenerse, lo que permite a los estudiantes experimentar con la programación de la navegación y la detección de obstáculos. También puede ser utilizado para medir la distancia y crear un sistema de seguimiento.",1.8695772,3.9319322000000057,0.1504057,52,145,1.6185172,89.58817366908427,615,
2026-06-02T17:01:03.282775,variacion_parametros,llama3.2:3b,repeat_penalty,1.0,18,Explica en máximo 120 palabras qué es un sensor ultrasónico y cómo podría usarse en un robot móvil educativo.,0.7,0.9,40,0.0,4096,160,1.0,"Un sensor ultrasónico es un dispositivo que emite y detecta ondas de sonido ultrasonicas, con una frecuencia específica que se encuentra por encima de la frecuencia auditiva humana. Al detectar las ondas de sonido reflejadas por objetos, el sensor puede medir la distancia a estos objetos. Este sensor se puede utilizar en un robot móvil educativo para detectar obstáculos, evitar chocar con paredes o otros objetos, y ajustar su trayectoria para mantenerse en su camino. También puede ser utilizado para medir la distancia al suelo, lo que puede ser útil para la navegación y la estabilidad del robot.",1.8427436,3.903702600000088,0.1395592,52,145,1.6136152,89.86033349214857,602,
2026-06-02T17:01:07.186966,variacion_parametros,llama3.2:3b,repeat_penalty,1.0,19,Explica en máximo 120 palabras qué es un sensor ultrasónico y cómo podría usarse en un robot móvil educativo.,0.7,0.9,40,0.0,4096,160,1.0,"Un sensor ultrasónico es un dispositivo que emite ondas sonoras de alta frecuencia y mide el tiempo que tardan en ser reflejadas por un objeto cercano. Esta información se utiliza para calcular la distancia entre el sensor y el objeto. En un robot móvil educativo, un sensor ultrasónico podría usarse para:

* Evitar obstáculos y mantener la estabilidad del robot.
* Medir la distancia a otros robots o objetos.
* Realizar tareas de exploración y navegación en espacios cerrados.
* Simular sensores de distancia en juegos educativos.

Esto permite al robot moverse de manera segura y precisa en entornos con obstáculos o impredecibles.",1.9363247,3.987857599999984,0.1458275,52,154,1.691743,91.0303751811002,635,
2026-06-02T17:01:11.175091,variacion_parametros,llama3.2:3b,repeat_penalty,1.0,20,Explica en máximo 120 palabras qué es un sensor ultrasónico y cómo podría usarse en un robot móvil educativo.,0.7,0.9,40,0.0,4096,160,1.0,"Un sensor ultrasónico es un dispositivo que emite sonidos de alta frecuencia y mide el tiempo que tardan en ser reflejados por un objeto en su camino. El sensor utiliza esta información para calcular la distancia entre el robot y el objeto.

En un robot móvil educativo, un sensor ultrasónico podría usarse para la navegación y la detección de obstáculos. Por ejemplo, el robot podría utilizar el sensor para detectar cuándo se acerca a un objeto y cambiar de dirección para evitar colisiones. También podría utilizar el sensor para seguir una ruta predefinida y detectar cambios en el entorno.",1.7827969,3.8174986000000217,0.1566679,52,137,1.5324687,89.39823697541098,594,
2026-06-02T17:01:14.992944,variacion_parametros,llama3.2:3b,repeat_penalty,1.0,21,Explica en máximo 120 palabras qué es un sensor ultrasónico y cómo podría usarse en un robot móvil educativo.,0.7,0.9,40,0.0,4096,160,1.0,"Un sensor ultrasónico es un dispositivo que emite pulso de sonido y mide el tiempo que tarda en ser reflejado por un objeto en su camino. La velocidad de la luz en el aire es constante, por lo que el tiempo de vuelta del sonido es proporcional a la distancia del objeto. El sensor ultrasónico puede detectar la presencia o ausencia de objetos a una distancia determinada, lo que lo hace ideal para aplicaciones como la detección de obstáculos en un robot móvil educativo. Puede ser utilizado para evitar colisiones, detectar límites o incluso realizar tareas de navegación.",1.7923125,3.847765500000037,0.1488562,52,140,1.5535075,90.11865085942617,573,
2026-06-02T17:01:18.840967,variacion_parametros,llama3.2:3b,repeat_penalty,1.0,22,Explica en máximo 120 palabras qué es un sensor ultrasónico y cómo podría usarse en un robot móvil educativo.,0.7,0.9,40,0.0,4096,160,1.0,"Un sensor ultrasónico es un dispositivo que emite ondas de sonido ultrasonicos y detecta el tiempo de vuelta para medir la distancia a un objeto. Funciona mediante la detección de la refracción de las ondas de sonido en el aire, lo que permite medir la distancia con gran precisión.

En un robot móvil educativo, un sensor ultrasónico podría usarse para detectar obstáculos y evitar colisiones. El robot podría utilizar este sensor para ""mirar"" a su alrededor y detectar la presencia de objetos, permitiéndole tomar decisiones informadas sobre su movimiento. Además, podría ser utilizado para medir la distancia a un objetivo, lo que podría ser útil en tareas",1.9645822,4.018772300000023,0.1451505,52,160,1.7198142,93.03330557452078,659,
2026-06-02T17:01:22.860026,variacion_parametros,llama3.2:3b,repeat_penalty,1.0,23,Explica en máximo 120 palabras qué es un sensor ultrasónico y cómo podría usarse en un robot móvil educativo.,0.7,0.9,40,0.0,4096,160,1.0,"Un sensor ultrasónico es un dispositivo que emite ondas de sonido de alta frecuencia y medica el tiempo que tardan en regresar para detectar obstáculos cercanos. La velocidad de vuelo de estas ondas es tan alta que no se pueden detectar por el oído humano.

En un robot móvil educativo, un sensor ultrasónico podría usarse para detectar la distancia a un obstáculo cercano, permitiendo al robot evitar chocar contra él. También podría utilizarse para seguir un camino predefinido, detectar la presencia de personas o objetos y ajustar su ruta en consecuencia. Este sensor es ideal para aplicaciones en espacios cerrados y con limitaciones de visión.",1.9267647,3.9669992999999977,0.1602569,52,157,1.6747963,93.74274352051053,649,
2026-06-02T17:01:26.827737,variacion_parametros,llama3.2:3b,repeat_penalty,1.0,24,Explica en máximo 120 palabras qué es un sensor ultrasónico y cómo podría usarse en un robot móvil educativo.,0.7,0.9,40,0.0,4096,160,1.0,"Un sensor ultrasónico es un dispositivo que emite ondas de sonido altas y detecta el tiempo que tardan en regresar a su fuente. Estas ondas se bloquean en objetos sólidos, permitiendo medir la distancia entre el sensor y el objeto. En un robot móvil educativo, un sensor ultrasónico podría usarse para:

- Medir la distancia al suelo y evitar obstáculos.
- Encontrar el camino en entornos desconocidos.
- Realizar tareas como recoger objetos a una distancia determinada.

Esto permitiría al robot moverse de manera segura y eficiente, lo que facilitaría la interacción con estudiantes y la promoción de habilidades como la programación y",1.9484408,4.028702000000067,0.1380932,52,160,1.6983641,94.20830315478288,637,
2026-06-02T17:01:30.856778,variacion_parametros,llama3.2:3b,repeat_penalty,1.0,25,Explica en máximo 120 palabras qué es un sensor ultrasónico y cómo podría usarse en un robot móvil educativo.,0.7,0.9,40,0.0,4096,160,1.0,"Un sensor ultrasónico es un dispositivo que mide la distancia a través de la emisión de ondas sonoras ultrasonoras y la detección de los reflejos que regresan. Cuando una onda sonora se emite, el sensor detecta el tiempo que tarda en regresar y calcula la distancia desde el sensor hasta el objeto que bloquea el sonido.

En un robot móvil educativo, un sensor ultrasónico podría usarse para detectar obstáculos y evitar chocar con ellos, lo que permite a los estudiantes experimentar con la programación de movimiento y colisión. También podría usarse para crear un sistema de navegación autónoma, permitiendo al robot moverse de forma independiente y evitar obstáculos",1.9465782,4.003954600000043,0.1413806,52,160,1.7087326,93.63665210109528,670,
2026-06-02T17:01:34.860871,variacion_parametros,llama3.2:3b,repeat_penalty,1.0,26,Explica en máximo 120 palabras qué es un sensor ultrasónico y cómo podría usarse en un robot móvil educativo.,0.7,0.9,40,0.0,4096,160,1.0,"Un sensor ultrasónico es un dispositivo que mide la distancia a un objeto utilizando ondas ultrasónicas. Funciona emitiendo ondas de alta frecuencia y midiendo el tiempo de vuelta cuando estas ondas se refractan o se reflejan en un objeto cercano. Esta información se utiliza para calcular la distancia. En un robot móvil educativo, un sensor ultrasónico podría usarse para detectar obstáculos, evitar chocar con paredes o otros objetos, y seguir un camino preprogramado. También podría usarse para medir la profundidad del agua o la distancia a un objeto lejano, lo que podría ser útil en entornos acuáticos o en aplicaciones de seguimiento.",1.9873178,4.049099899999987,0.1487274,52,158,1.7391648,90.84820483947237,642,
2026-06-02T17:01:38.911131,variacion_parametros,llama3.2:3b,repeat_penalty,1.0,27,Explica en máximo 120 palabras qué es un sensor ultrasónico y cómo podría usarse en un robot móvil educativo.,0.7,0.9,40,0.0,4096,160,1.0,"Un sensor ultrasónico es un dispositivo que emite ondas sonoras de alta frecuencia y mide el tiempo que tardan en reflejarse en un objeto cercano. Esto se utiliza para medir la distancia al objeto. En un robot móvil educativo, un sensor ultrasónico podría usarse para detectar obstáculos y mantener la distancia con el entorno. El sensor podría ser utilizado para evitar choques o obstáculos, lo que permite al robot mantener su estabilidad y seguridad. Además, podría ser utilizado para realizar tareas como la medición de la distancia entre el robot y un punto de destino, lo que puede ser útil para tareas como la exploración de un entorno.",1.9319324,3.97455089999994,0.1503611,52,149,1.6769561,88.85146128750777,643,
2026-06-02T17:01:42.886295,variacion_parametros,llama3.2:3b,repeat_penalty,1.0,28,Explica en máximo 120 palabras qué es un sensor ultrasónico y cómo podría usarse en un robot móvil educativo.,0.7,0.9,40,0.0,4096,160,1.0,"Un sensor ultrasónico es un dispositivo que emite y detecta sonidos de ultrasonido, que se traducen en señales eléctricas. Estas señales se utilizan para medir la distancia entre el sensor y un objeto. El sensor ultrasónico se utiliza para detectar obstáculos y cambiar de dirección en un robot móvil educativo. Puede detectar la distancia a un máximo de 5 metros y es útil para evitar colisiones y mantener la estabilidad del robot. Además, puede ser utilizado para detectar la presencia de objetos y realizar tareas de seguimiento. Es un componente muy útil en la creación de robots educativos y de investigación.",1.8866278,3.9340801999999258,0.1568426,52,148,1.6265449,90.99041778680686,615,
2026-06-02T17:01:46.820538,variacion_parametros,llama3.2:3b,repeat_penalty,1.0,29,Explica en máximo 120 palabras qué es un sensor ultrasónico y cómo podría usarse en un robot móvil educativo.,0.7,0.9,40,0.0,4096,160,1.0,"Un sensor ultrasónico es un dispositivo que emite una onda ultrasonica y mide el tiempo que tarda en reflexionarse contra un objeto. La onda ultrasonica es inaudible para los humanos, pero se puede detectar con sensores especializados. El sensor ultrasónico puede medir la distancia entre el robot y un objeto. En un robot móvil educativo, el sensor ultrasónico podría usarse para:

- Evitar obstáculos y mantener un paso seguro.
- Detectar la presencia de objetos o personas.
- Controlar el movimiento del robot.
- Mejorar la estabilidad y el equilibrio del robot.

Este sensor es útil para crear un robot educativo interactivo y seguro.",1.9590039,4.0002521000000115,0.147419,52,158,1.7074563,92.53531115261924,638,
2026-06-02T17:01:50.821181,variacion_parametros,llama3.2:3b,repeat_penalty,1.0,30,Explica en máximo 120 palabras qué es un sensor ultrasónico y cómo podría usarse en un robot móvil educativo.,0.7,0.9,40,0.0,4096,160,1.0,"Un sensor ultrasónico es un dispositivo que emite ondas de ultrasonido y detecta el tiempo que tardan en ser reflejadas por un objeto. El sensor utiliza esta información para calcular la distancia entre el dispositivo emisor y el objeto. En un robot móvil educativo, un sensor ultrasónico podría usarse para evitar obstáculos y navegar por un entorno. Por ejemplo, el sensor podría detectar la distancia al suelo, permitiendo al robot moverse hacia adelante o hacia atrás. También podría detectar obstáculos en la ruta, permitiendo al robot tomar decisiones en tiempo real para evitar colisiones.",1.7310978,3.787787500000036,0.1524074,52,137,1.4803858,92.54344374284054,596,
2026-06-02T17:01:54.609470,variacion_parametros,llama3.2:3b,repeat_penalty,1.2,1,Explica en máximo 120 palabras qué es un sensor ultrasónico y cómo podría usarse en un robot móvil educativo.,0.7,0.9,40,0.0,4096,160,1.2,"Un sensor ultrasónico es un dispositivo que emite ondas sonoras de alta frecuencia y detecta el tiempo de vuelta para medir la distancia entre el objeto que lo envía y su superficie reflejante o objeto cercano. Este sensor se utiliza comúnmente en aplicaciones que requieren medición de distancias, como en robots móviles educativos.

En un robot educativo, los sensores ultrasónicos pueden usarse para:

- Medir la distancia entre el robot y objetos en su entorno.
- Evitar obstáculos o muros en su camino.
- Controlar sus movimientos con precisión.

Esto permite a los estudiantes aprender sobre la interacción con el entorno, programación de movimiento y seguridad.",1.988284,4.0560252999999875,0.1539831,52,160,1.6471556,97.13714964147891,668,
2026-06-02T17:01:58.665903,variacion_parametros,llama3.2:3b,repeat_penalty,1.2,2,Explica en máximo 120 palabras qué es un sensor ultrasónico y cómo podría usarse en un robot móvil educativo.,0.7,0.9,40,0.0,4096,160,1.2,"Un sensor ultrasónico es una herramienta de detección que emite sonar ultrasonidos para medir la distancia a un objeto cercano. Cuando el sonido se refleja, se mide su tiempo de vuelo y se calcula la distancia utilizando la velocidad del sonido.

En un robot móvil educativo, los sensores ultrasónicos podrían usarse como:

* Objetivos: detectar obstáculos o límites para evitar chocadas.
* Medición de distancias: calcular la distancia a otros objetos para controlar el movimiento y realizar tareas precisas.

Esto permite que un robot aprenda a navegar por su entorno de manera autónoma, lo que es fundamental en proyectos educativos.",2.0207657,4.102220299999999,0.1460007,52,159,1.6984305,93.61584121340262,636,
2026-06-02T17:02:02.768525,variacion_parametros,llama3.2:3b,repeat_penalty,1.2,3,Explica en máximo 120 palabras qué es un sensor ultrasónico y cómo podría usarse en un robot móvil educativo.,0.7,0.9,40,0.0,4096,160,1.2,"Un sensor ultrasonico es una herramienta que emite ondas sonoras de alta frecuencia y mide la duracion entre el emisor y el receptor para detectar objetos cercanos. Funciona mediantes la tecnologia del pulso-eco, donde las ondas se reflejan en un objeto y regresan al sensor.

En un robot móvil educativo, este sensor podría usarse para crear un sistema de seguimiento a distancia, permitiendo que el robot detecte obstáculos o objetos cercanos. Esto puede ser especialmente útil en entornos como parques, jardines o áreas con muchos cambios en la topografía del suelo, lo que ayuda al estudiante a desarrollar habilidades y aprendizajes en diferentes escenarios",2.0391366,4.0602839999999105,0.1463504,52,160,1.711638,93.47770965589686,662,
2026-06-02T17:02:06.829320,variacion_parametros,llama3.2:3b,repeat_penalty,1.2,4,Explica en máximo 120 palabras qué es un sensor ultrasónico y cómo podría usarse en un robot móvil educativo.,0.7,0.9,40,0.0,4096,160,1.2,"Un sensor ultrasónico es un dispositivo que emite ondas de sonido ultrasonicas para detectar objetos cercanos, medir distancias o realizar tareas de navegación automática. Funciona mediante la conversión del sonido reflejado en señales eléctricas.

En un robot móvil educativo, un sensor ultrasónico podría usarse como ""sensores visuales"" para evitar obstáculos y mantener el equilibrio durante su movimiento. Al detectar objetos cercanos o cambios de altura, el sensor puede emitir algoritmos de respuesta ajustando la velocidad del robot o cambiando dirección para evitar colisiones. Esta función es especialmente útil en entornos con superficies impredecibles como escuelas y jard",1.9834881,4.031159699999989,0.1415069,52,160,1.6622144,96.25713746674316,683,
2026-06-02T17:02:10.860811,variacion_parametros,llama3.2:3b,repeat_penalty,1.2,5,Explica en máximo 120 palabras qué es un sensor ultrasónico y cómo podría usarse en un robot móvil educativo.,0.7,0.9,40,0.0,4096,160,1.2,"Un sensor ultrasónico es una tecnología que emite ondas sonoras de alta frecuencia y detecta las reflejas para medir la distancia a objetos cercanos. Funciona mediante el uso de transductores ultrasonicos, cuyo funcionamiento se basa en los principios del eco localizado.

En un robot móvil educativo, un sensor ultrasónico podría usarse para la detección de obstáculos o límites, permitiendo al robot detectar y evitar colisiones. También puede ser utilizado para seguir una línea o rastrear objetos específicos, proporcionando al robot una forma automática de navegación en espacios cerrados.",1.8499226,3.9072939000000133,0.155562,52,142,1.5307997,92.76197271269389,594,
2026-06-02T17:02:14.768411,variacion_parametros,llama3.2:3b,repeat_penalty,1.2,6,Explica en máximo 120 palabras qué es un sensor ultrasónico y cómo podría usarse en un robot móvil educativo.,0.7,0.9,40,0.0,4096,160,1.2,"Un sensor ultrasonico es una tecnología que utiliza ondas sonoras de alta frecuencia para detectar objetos cercanos a él. Cuando se dispara, emite señales sonoras que vuelan hacia un objeto y reflejan en respuesta, lo que permite medir la distancia entre el sensor y ese objeto.

En un robot móvil educativo, este tipo de sensor podría usarse para evitar obstáculos o detectar cambios en su entorno. Por ejemplo, si se activa una función ""salida"" del robot hacia afuera, podrían usar un sensor ultrasonico para ver cuánto tiempo están cerca de los bordes de la sala antes de salir a enfrente de cualquier cosa que pueda dañarlo o hacerlo caer.

La tecn",2.0337528,4.070558399999982,0.145766,52,160,1.7083636,93.6568772596185,652,
2026-06-02T17:02:18.839581,variacion_parametros,llama3.2:3b,repeat_penalty,1.2,7,Explica en máximo 120 palabras qué es un sensor ultrasónico y cómo podría usarse en un robot móvil educativo.,0.7,0.9,40,0.0,4096,160,1.2,"Un sensor ultrasónico es una pieza electrónica que emite sonidos de alta frecuencia ultrasonicos (bajo de 20 kHz) para detectar objetos o superficies a pocos centímetros de distancia. Al recibir estos sonidos, el sensor puede calcular la duración del eco y determinar las distancias entre el objeto y el sensor.

En un robot móvil educativo, un sensor ultrasónico podría usarse como una herramienta básica para navegación y detección de obstáculos en espacios cerrados. El sensor permitiría al robot moverse con precisión y evitar chocar contra paredes o objetos, enseñando a los estudiantes sobre la física del sonido y el espacio.",1.908307,3.968396900000016,0.1472658,52,155,1.5870234,97.66711694358129,632,
2026-06-02T17:02:22.808359,variacion_parametros,llama3.2:3b,repeat_penalty,1.2,8,Explica en máximo 120 palabras qué es un sensor ultrasónico y cómo podría usarse en un robot móvil educativo.,0.7,0.9,40,0.0,4096,160,1.2,"Un sensor ultrasonico es una tecnología de detección que utiliza ondas sonoras para medir la distancia a objetos cercanos. Funciona enviando pulsos de sonido hacia el ambiente, mientras mide los reflejos que regresan y calcula la distancia. Este tipo de sensors se utilizan comúnmente en robots para evitar obstáculos.

En un robot móvil educativo, un sensor ultrasonico podría usarse como ""radar"" para detectar objetos cerca del robot y permitir su movimiento autónomo con seguridad. También podría usarse para implementar funciones avanzadas como detección de personas o objetos en el espacio a medida que se mueve.",1.8352892,3.8890086999999767,0.1489427,52,145,1.5175695,95.5475185815213,617,
2026-06-02T17:02:26.697729,variacion_parametros,llama3.2:3b,repeat_penalty,1.2,9,Explica en máximo 120 palabras qué es un sensor ultrasónico y cómo podría usarse en un robot móvil educativo.,0.7,0.9,40,0.0,4096,160,1.2,"Un sensor ultrasonico es una herramienta que emite sonidos de alta frecuencia (bajo 20 kHz) y medía el tiempo que tardan estos sonidos para regresar desde la superficie a donde se encuentra el dispositivo, lo cual permite calcular las distancias. Estos sensores están diseñados para detectar objetos en un radio de acción específico.

En un robot móvil educativo, los sensores ultrasonicos podrían usarse como una herramienta de navegación y detección, permitiendo al robot evitar obstáculos, detectar cambios en el entorno o seguir una trayectoria predefinida. También pueden ayudar a controlar la velocidad del movimiento del robot para evitar chocadas o caídas.",2.0863454,4.154012100000045,0.142312,52,160,1.7556441,91.13464397482383,664,
2026-06-02T17:02:30.851797,variacion_parametros,llama3.2:3b,repeat_penalty,1.2,10,Explica en máximo 120 palabras qué es un sensor ultrasónico y cómo podría usarse en un robot móvil educativo.,0.7,0.9,40,0.0,4096,160,1.2,"Un sensor ultrasónico es una herramienta que detecta la distancia a través de ondas sonoras altas, permitiendo medir distancias precisas con alta velocidad. Funciona enviando pulses de ultrasonido hacia el ambiente y midiendo el tiempo de reflujo para calcular la distancia.

En un robot móvil educativo, los sensores ultrasónicos se pueden utilizar para:

- Medir la altura del suelo o obstáculos
- Detectar objetos cercanos o lejos
- Controlar la velocidad del movimiento
- Implementar sistemas de navegación y seguimiento

Estos sensores son ideales para aplicaciones que requieren precisión, rapidez y robustez.",1.8512208,3.898109100000056,0.1477259,52,149,1.5131111,98.47261050427824,615,
2026-06-02T17:02:34.750262,variacion_parametros,llama3.2:3b,repeat_penalty,1.2,11,Explica en máximo 120 palabras qué es un sensor ultrasónico y cómo podría usarse en un robot móvil educativo.,0.7,0.9,40,0.0,4096,160,1.2,"Un sensor ultrasónico es una technology de detección que utiliza ondas ultrasonicas para medir la distancia entre el objeto que se encuentra frente a él y el receptor del sonido. Al emitir una serie de pulsoes, el sensor mide los tiempos de vuelo de las ondas reflejadas y calcula la distancia.

En un robot móvil educativo, el sensor ultrasónico podría usarse para:

* Medir la altura del suelo o obstáculos.
* Detectar obstáculos a medida que avanza el robot.
* Controlar movimientos precisos, como subir escaleras o evitar obstáculos.",1.8072514,3.855964199999903,0.1411817,52,139,1.5074712,92.20740004850508,537,
2026-06-02T17:02:38.606883,variacion_parametros,llama3.2:3b,repeat_penalty,1.2,12,Explica en máximo 120 palabras qué es un sensor ultrasónico y cómo podría usarse en un robot móvil educativo.,0.7,0.9,40,0.0,4096,160,1.2,"Un sensor ultrasónico es un dispositivo que emite ondas ultrasonicas para detectar objetos cercanos a su ubicación. Estas ondas se reflejan cuando chocan con algo, lo que permite al sensor medir la distancia desde el objeto.

En un robot móvil educativo, los sensores ultrasónicos pueden usarse para:

* Medir la distancia entre el robot y objetos en su entorno
* Evitar obstáculos y mantenerse a una seguridad adecuada
* Realizar tareas como seguir o evitar objetos movibles
* Interactuar con juguetes y objetos del juego

Los sensores ultrasónicos son fáciles de instalar, no requieren energía para funcionar y pueden ser utiliz",1.9739279,4.051990299999943,0.1470075,52,160,1.6459014,97.21116951477165,630,
2026-06-02T17:02:42.659177,variacion_parametros,llama3.2:3b,repeat_penalty,1.2,13,Explica en máximo 120 palabras qué es un sensor ultrasónico y cómo podría usarse en un robot móvil educativo.,0.7,0.9,40,0.0,4096,160,1.2,"Un sensor ultrasónico es un dispositivo que emite ondas sonoras de alta frecuencia e identifica las obstrucciones cercanas al receptor. Al detectar la retroeción del sonido, el sensor puede calcular la distancia a una superficie o objeto.

En un robot móvil educativo, los sensores ultrasónicos pueden usarse para:

* Medir la distancia desde la pared o el suelo
* Avanzar y girar en círculos para evitar obstáculos
* Detectar cambios de altura e implementar sistemas de control de altitud
* Realizar tareas como ""saltar"" sobre objetos pequeños

Este sensor es útil para que los estudiantes puedan experimentar la interacción con el entorno físico",2.0275439,4.084929299999999,0.1393373,52,160,1.7025791,93.97507581292406,647,
2026-06-02T17:02:46.744478,variacion_parametros,llama3.2:3b,repeat_penalty,1.2,14,Explica en máximo 120 palabras qué es un sensor ultrasónico y cómo podría usarse en un robot móvil educativo.,0.7,0.9,40,0.0,4096,160,1.2,"Un sensor ultrasónico es un dispositivo que emite pulso de sonido ultrasonico e indaga el tiempo entre la emisión del pulsante y su reflejo, calculando una distancia aproximada a través de objetos o superficies. Este sensor se utiliza para detectar obstáculos, evitar colisiones con otros robots o vehículos, y mejorar la estabilidad en terrenos inestables.

En un robot móvil educativo, el sensor ultrasónico podría usarse como sistema de detección de obstáculos, permitiendo al robot moverse a través del entorno sin chocar con nada. También puede ser utilizado para evitar caídas y mejorar la estabilidad en terrenos inestables.",1.9626339,4.029209600000058,0.1471014,52,154,1.6307387,94.435730261384,631,
2026-06-02T17:02:50.774038,variacion_parametros,llama3.2:3b,repeat_penalty,1.2,15,Explica en máximo 120 palabras qué es un sensor ultrasónico y cómo podría usarse en un robot móvil educativo.,0.7,0.9,40,0.0,4096,160,1.2,"Un sensor ultrasónico es un dispositivo que mide la distancia a través de sonar ultrasonico, utilizando frecuencias altas para detectar objetos cercanos. Cuando el haz se refleja contra una superficie, el sensor registra la velocidad del reflejo y calcula la distancia.

En un robot móvil educativo, un sensor ultrasónico podría ser utilizado como una herramienta de ""deteción"" para ayudar al robot a evitar obstáculos o detectar objetos en su camino. Por ejemplo, si el robot se acerca demasiado a una pared, puede activarse un buzón y hacer que cambie dirección. Esto ayuda a los estudiantes a entender conceptos como la distancia, la velocidad y la detección de objetos.",2.0110313,4.048936799999979,0.1530945,52,159,1.6812824,94.57066819946489,673,
2026-06-02T17:02:54.823201,variacion_parametros,llama3.2:3b,repeat_penalty,1.2,16,Explica en máximo 120 palabras qué es un sensor ultrasónico y cómo podría usarse en un robot móvil educativo.,0.7,0.9,40,0.0,4096,160,1.2,"Un sensor ultrasonico es una tecnología que emite ondas sonoras de alta frecuencia, detecta el eco reflejado por objetos cercanos y calcula la distancia a estos desde el dispositivo. Este sensor se utiliza comúnmente para medir distancias, evitar obstáculos o controlar movimientos en robots.

En un robot móvil educativo, un sensor ultrasonico podría usarse como ""radar"" para detectar límites o objetos cercanos y cambiar la dirección del robot si es necesario. Esto permite que el robot navegue de manera segura y aprenda a evitator problemas en su entorno. También se puede utilizar para controlar velocidades o realizar tareas específicas, como evitar obstáculos durante una búsqueda por un espacio determin",1.9885092,4.038226499999951,0.1581628,52,160,1.6451249,97.25705324866216,711,
2026-06-02T17:02:58.862066,variacion_parametros,llama3.2:3b,repeat_penalty,1.2,17,Explica en máximo 120 palabras qué es un sensor ultrasónico y cómo podría usarse en un robot móvil educativo.,0.7,0.9,40,0.0,4096,160,1.2,"Un sensor ultrasónico es una herramienta electrónica que utiliza ondas sonoras para detectar objetos a distancia. Funciona emitiendo pulsos de ultrasonido hacia el ambiente, y cuando estos se reflejan de un objeto, el sensor registra la diferencia en tiempo entre la transmisión inicial y el retorno del pulso.

En un robot móvil educativo, un sensor ultrasónico podría usarse para detectar obstáculos o límites mientras se mueve. Esto permite al robot evitar colisiones y mantener su trayectoria estable. También puede ser utilizado para medir la distancia a objetos cercanos, lo que es útil en tareas como navegar por patios o salas con diferentes alturas.",1.9853927,4.058194500000013,0.1614719,52,154,1.6495786,93.35717619033129,658,
2026-06-02T17:03:02.920617,variacion_parametros,llama3.2:3b,repeat_penalty,1.2,18,Explica en máximo 120 palabras qué es un sensor ultrasónico y cómo podría usarse en un robot móvil educativo.,0.7,0.9,40,0.0,4096,160,1.2,"Un sensor ultrasónico es una tecnología que emite sonidos ultrasonicos (frecuencia mayor a 20 kHz) para detectar objetos cercanos. Estos sonidos se reflejan cuando chocan con algo y vuelven al sensor, lo que permite medir la distancia entre el robot y el objeto.

En un robot móvil educativo, este sensor podría usarse de varias maneras:

* Para evitar obstáculos en su camino.
* Detectar objetos o personas cerca para realizar acciones específicas (como saludar a alguien).
* Medir la altura del espacio por debajo para levantar cargas pesadas.

Este tipo de sensor es fácilmente integrable y proporciona una forma práctica de interactuar con el entorno.",2.0150429,4.085485000000062,0.1484304,52,159,1.6831258,94.46709212109992,655,
2026-06-02T17:03:07.006468,variacion_parametros,llama3.2:3b,repeat_penalty,1.2,19,Explica en máximo 120 palabras qué es un sensor ultrasónico y cómo podría usarse en un robot móvil educativo.,0.7,0.9,40,0.0,4096,160,1.2,"Un sensor ultrasónico es una tecnología que utiliza sonar para detectar objetos a gran distancia, utilizando ondas de ultrasonido. Cuando se dispara el sensor, emite sonidas de baja frecuencia (generalmente alrededor del 40 kHz) y mide la tiempo que tardan en reflejarse contra un objeto cercano.

En un robot móvil educativo, el sensor ultrasónico podría usarse para detectar obstáculos o límites a medida que se mueve. Por ejemplo, puede ser utilizado como sensores de distancia para evitar colisiones con paredes o objetos, permitiendo al robot seguir un recorrido predefinido sin caerse. También puede ayudar a mantener la estabilidad del robot en superficies ir",1.967361,4.032105400000091,0.148106,52,160,1.6349848,97.86023698813591,666,
2026-06-02T17:03:11.038886,variacion_parametros,llama3.2:3b,repeat_penalty,1.2,20,Explica en máximo 120 palabras qué es un sensor ultrasónico y cómo podría usarse en un robot móvil educativo.,0.7,0.9,40,0.0,4096,160,1.2,"Un sensor ultrasónico es una tecnología que utiliza ondas sonoras de alta frecuencia para detectar objetos a distancia. Funciona envióndose un pulso sonoro, luego el sensor busca la respuesta reflejada y calcula su tiempo de vuelo para determinar la distancia al objeto.

En un robot móvil educativo, se podría utilizar este sensor para:

*   Detectar obstáculos en el camino
*   Medir distancias a objetos o paredes
*   Controlar movimientos precisos

Este tipo de sensor es especialmente útil en robots que necesitan moverse por espacios desconocidos.",1.7395367,3.794336899999962,0.1417581,52,133,1.4401669,92.35040744235964,553,
2026-06-02T17:03:14.833617,variacion_parametros,llama3.2:3b,repeat_penalty,1.2,21,Explica en máximo 120 palabras qué es un sensor ultrasónico y cómo podría usarse en un robot móvil educativo.,0.7,0.9,40,0.0,4096,160,1.2,"Un sensor ultrasónico es una tecnología que emite ondas sonoras de alta frecuencia para detectar obstáculos o cambios en el entorno a una distancia determinada. Cuando se dispara la señal, el sensor regresa con información sobre cuánto tiempo tardó la onda en viajar y reflejarse contra un objeto.

En un robot móvil educativo, un sensor ultrasónico podría usarse para detectar obstáculos como paredes o objetos a una distancia. Esto permite al robot cambiar de dirección o detenerse automáticamente, enseñando a los niños sobre la importancia del espacio y la seguridad en el entorno. También puede utilizarse para medir distancias y crear patrones en un ambiente.",1.9161279,3.9691166999999723,0.1407964,52,156,1.5990747,97.55641809604016,665,
2026-06-02T17:03:18.802801,variacion_parametros,llama3.2:3b,repeat_penalty,1.2,22,Explica en máximo 120 palabras qué es un sensor ultrasónico y cómo podría usarse en un robot móvil educativo.,0.7,0.9,40,0.0,4096,160,1.2,"Un sensor ultrasónico es una tecnología de detección que utiliza ondas sonoras para medir la distancia entre el objeto que lo emite y su reflejo en otro objeto o superficie. Funciona enviando impulsos ultrasonicos, recibiendo sus reflejos y calculando la velocidad a los que se mueve un objeto.

En un robot móvil educativo, un sensor ultrasónico podría usarse para detectar obstáculos en el camino del robot, permitiendo evitar chocar con ellos. También puede ser utilizado para controlar la movilidad del robot según su distancia de fondo o para mantener una cierta distancia de personas u objetos específicos.",1.8236837,3.8640457999999853,0.1436482,52,144,1.5058205,95.62892788350271,612,
2026-06-02T17:03:22.666688,variacion_parametros,llama3.2:3b,repeat_penalty,1.2,23,Explica en máximo 120 palabras qué es un sensor ultrasónico y cómo podría usarse en un robot móvil educativo.,0.7,0.9,40,0.0,4096,160,1.2,"Un sensor ultrasonico es una herramienta que emite ondas sonoras de alta frecuencia y detecta los reflejos que regresan desde objetos cercanos. Se utiliza para medir la distancia entre el objeto y el dispositivo que lo contiene.

En un robot móvil educativo, un sensor ultrasónico podría usarse como ""sensores de obstáculos"" o ""detectors de paredes"", permitiendo al robot evitar colisiones con objetos e incluso seguir rutas predefinidas a través de espacios. También puede ser utilizado para medir la altura del objeto y realizar acciones según sea necesario, lo que ayuda en la programación educativa y el aprendizaje de conceptos matemáticos básicos.",1.9730292,3.9936854999999696,0.1512855,52,155,1.6474333,94.08575145348827,653,
2026-06-02T17:03:26.661425,variacion_parametros,llama3.2:3b,repeat_penalty,1.2,24,Explica en máximo 120 palabras qué es un sensor ultrasónico y cómo podría usarse en un robot móvil educativo.,0.7,0.9,40,0.0,4096,160,1.2,"Un sensor ultrasónico es una herramienta electrónica que emite ondas de ultrasonido y detecta el tiempo de vuelta para calcular la distancia a objetos cercanos. Funciona mediante emitir sonidos muy altos (de 40 kHz) por un diodo, luego medir el tiempo durante los cuales no se reciben reflejos.

En un robot móvil educativo, este sensor puede ser utilizado como una ""esfera de detección"" para evitar obstáculos y mantener la estabilidad. También podría usarse para realizar tareas como:
- Localizar objetos o personas en el entorno
- Medir distancias y calcular ángulos
- Controlar movimientos precisos

Esto permite a los estudiantes aprender sobre programación",2.0277299,4.064102000000048,0.1529217,52,160,1.694018,94.44999994096875,662,
2026-06-02T17:03:30.725904,variacion_parametros,llama3.2:3b,repeat_penalty,1.2,25,Explica en máximo 120 palabras qué es un sensor ultrasónico y cómo podría usarse en un robot móvil educativo.,0.7,0.9,40,0.0,4096,160,1.2,"Un sensor ultrasónico es una tecnología que utiliza ondas de sonido para medir la distancia a objetos cercanos. Funciona emitiendo señales ultrasonicas, detecta el eco reflejado por los obstáculos y calcula la distancia desde el objeto.

En un robot móvil educativo, puede usarse como sensor para evitar colisiones o encontrar materiales en un entorno. Puede ser utilizado en aplicaciones como:

- Evitar objetos con una barrera de seguridad
- Encontrar materiales en un espacio desconocido",1.5694957,3.64500529999998,0.149106,52,118,1.2787997,92.27402852847088,490,
2026-06-02T17:03:34.371404,variacion_parametros,llama3.2:3b,repeat_penalty,1.2,26,Explica en máximo 120 palabras qué es un sensor ultrasónico y cómo podría usarse en un robot móvil educativo.,0.7,0.9,40,0.0,4096,160,1.2,"Un sensor ultrasónico es un dispositivo que emite ondas sonoras de alta frecuencia y mide el tiempo que tardan en reflejarse contra una superficie opaca, como objetos o paredes. Este tiempo se utiliza para calcular la distancia entre el sensor y la superficie.

En un robot móvil educativo, los sensores ultrasónicos pueden usarse para:

* Medir la altura de la plataforma del robot
* Evitar obstáculos y mantenerse a una distancia segura
* Controlar la velocidad de movimiento en función de la distancia al objetivo

Esto permite que el robot se comporte de manera más autónoma y sensible a su entorno, lo cual es especialmente útil en aplicaciones educativas.",1.9606067,4.03217810000001,0.1511905,52,157,1.6246031,96.63898831659252,661,
2026-06-02T17:03:38.403887,variacion_parametros,llama3.2:3b,repeat_penalty,1.2,27,Explica en máximo 120 palabras qué es un sensor ultrasónico y cómo podría usarse en un robot móvil educativo.,0.7,0.9,40,0.0,4096,160,1.2,"Un sensor ultrasónico es un dispositivo que emite ondas sonoras de alta frecuencia (ultrasonidos) hacia el entorno, detectando los cambios en la velocidad o duración del eco regresante para calcular las distancias a objetos cercanos. Estos sensores se utilizan comúnmente en aplicaciones como la detección de obstáculos y movimiento.

En un robot móvil educativo, un sensor ultrasónico podría usarse para detectar obstáculos o límites en el entorno, permitiendo al robot cambiar de dirección o detenerse. Además, podrían utilizarse para crear juegos interactivos que involucran la exploración del espacio y la resolución de problemas. Estas tecnologías pueden ser especialmente ú",1.9697381,4.028740299999981,0.141897,52,160,1.6480071,97.08696036564405,679,
2026-06-02T17:03:42.433044,variacion_parametros,llama3.2:3b,repeat_penalty,1.2,28,Explica en máximo 120 palabras qué es un sensor ultrasónico y cómo podría usarse en un robot móvil educativo.,0.7,0.9,40,0.0,4096,160,1.2,"Un sensor ultrasónico es una tecnología que utiliza ondas de ultrasonido para detectar objetos a distancia, medir distancias y realizar tareas autónomas. Funciona emitiendo sonidos altamente frecuentemente y midiendo el tiempo que tardan en regresar los reflejos. Esto le permite calcular la distancia del objeto.

En un robot móvil educativo, se puede utilizar para crear una barra de obstáculos o detectar objetos cerca de él. El sensor ultrasónico puede ser utilizado para:

- Evitar colisiones con objetos.
- Detectar presencia de personas o animales.
- Activar motores para moverse hacia el objeto.

Esto permite al robot realizar tareas más complejas y autónomas, como",1.9800276,3.9942035999999916,0.1427109,52,160,1.6472488,97.13165370040032,674,
2026-06-02T17:03:46.427368,variacion_parametros,llama3.2:3b,repeat_penalty,1.2,29,Explica en máximo 120 palabras qué es un sensor ultrasónico y cómo podría usarse en un robot móvil educativo.,0.7,0.9,40,0.0,4096,160,1.2,"Un sensor ultrasónico es un dispositivo que emite ondas de ultrasonido y detecta las reflejos para medir la distancia hasta objetos cercanos. Funciona utilizando tecnología ultrasonida, que envía pulsos de sonar a través del aire o el agua.

En un robot móvil educativo, un sensor ultrasónico podría usarse como ""raspador"" para evitar obstáculos y mantenerse alineado con sus objetivos. También se puede utilizar para detectar la presencia de objetos en su camino, permitiendo al robot cambiar de dirección o detenerse temporalmente. Este dispositivo es útil para robots educativos que deben aprender a navegar por entornos complejos y desafiantes.",1.9902996,4.032864300000028,0.1562799,52,155,1.6552706,93.64027851397832,648,
2026-06-02T17:03:50.460502,variacion_parametros,llama3.2:3b,repeat_penalty,1.2,30,Explica en máximo 120 palabras qué es un sensor ultrasónico y cómo podría usarse en un robot móvil educativo.,0.7,0.9,40,0.0,4096,160,1.2,"Un sensor ultrasónico es una tecnología de detección que utiliza ondas sonoras para medir la distancia a objetos cercanos. Funciona enviando pulsos sonoros hacia el aire y midiendo el tiempo que tardan en regresar, lo cual se puede calcular como velocidad * tiempo. Esto permite determinar la distancia con precisión.

En un robot móvil educativo, los sensores ultrasónicos pueden usarse para detectar obstáculos o límites a medida que el robot avanza, permitiendo su control y estabilidad en diferentes entornos. También se puede utilizar para evitar colisiones o mantener una distancia segura con otros objetos.",1.8292539,3.8774128999999675,0.1444395,52,142,1.520614,93.38333068089601,613,
2026-06-02T17:03:54.338438,variacion_parametros,llama3.2:3b,repeat_penalty,1.5,1,Explica en máximo 120 palabras qué es un sensor ultrasónico y cómo podría usarse en un robot móvil educativo.,0.7,0.9,40,0.0,4096,160,1.5,"Un sensor ultrasonico (ultrasonic) emite ondas sonoras de alta frecuencia que se reflejan cuando chocan con una superficie o objeto cercano al dispositivo, lo cual permite medir la distancia hasta ese punto.

En robots edutivos puede usarse en el siguiente sentido:

- Medición del espacio: detecta obstáculos y medidas las distancias.
  - Ayuda a evitar colisiones
    - Ajuste de velocidad

Se trata de un componente económico, versáttil que se integra fácilmente con otros componentes para crear una plataforma educativa.",1.6726156,3.739601300000004,0.1450175,52,128,1.369654,93.4542592508765,524,
2026-06-02T17:03:58.078437,variacion_parametros,llama3.2:3b,repeat_penalty,1.5,2,Explica en máximo 120 palabras qué es un sensor ultrasónico y cómo podría usarse en un robot móvil educativo.,0.7,0.9,40,0.0,4096,160,1.5,"Unsensor ultrasonico (ultrasonic sonar) utiliza ondas de alta frecuencia para detectar objetos cercanos a él, creando una imagen tridimensional del entorno gracias al tiempo que tardan las señales reflejadas por los obects en llegar.
En un robot móvil educativo se puede utilizar como sensor límite o obstáculo. El ultrasonico permite determina la distancia exactamente desde el cuerpo de la máquina y detectar posibles peligros, permitiendo al sistema dar saltos correcto a evitar colisiones con objetos inerciales",1.6718489,3.711240000000089,0.1491024,52,123,1.3629264,90.24698619089042,515,
2026-06-02T17:04:01.789804,variacion_parametros,llama3.2:3b,repeat_penalty,1.5,3,Explica en máximo 120 palabras qué es un sensor ultrasónico y cómo podría usarse en un robot móvil educativo.,0.7,0.9,40,0.0,4096,160,1.5,"Un sensor ultrasonico se basa en la emisione de ondas sonoras que, cuando chocan con objetos cercanos, regresan al receptor como señales reflejadas. El tiempo entre emitir las pulsaciones y recibir el retroceso permite calcular una distancia.

En un robot móvil educativo podría usarse para:

- Medidas del espacio a través de la detección de obstáculos.
- Navegación en entornos cerrados o desiertos con poca visibilidad. 
Puede ser utilizado tanto como sistema independiente, así mismo integrado dentro otros sistemas sensoriales (como cámaras y ultrasonidos).",1.7664224,3.82294509999997,0.1421712,52,140,1.4612612,95.80764889945753,562,
2026-06-02T17:04:05.613367,variacion_parametros,llama3.2:3b,repeat_penalty,1.5,4,Explica en máximo 120 palabras qué es un sensor ultrasónico y cómo podría usarse en un robot móvil educativo.,0.7,0.9,40,0.0,4096,160,1.5,"Un sensores ultrasonicos son dispositivos que emiten ondas de alta frecuencia, detectan el eco reflejado del objeto cercano e interpretando la información para determinar una distancia o medida precisa.

En robots educativo pueden usarse como un sensor móvil y se puede utilizar en las siguientes formas:

1.  Medir objetos: permite medición exacta 
2.   Objetos a detectar
3.   Movimientos",1.3379655,3.4105474000000413,0.1489729,52,96,1.0612089,90.46286739585392,390,
2026-06-02T17:04:09.024089,variacion_parametros,llama3.2:3b,repeat_penalty,1.5,5,Explica en máximo 120 palabras qué es un sensor ultrasónico y cómo podría usarse en un robot móvil educativo.,0.7,0.9,40,0.0,4096,160,1.5,"Unsensor ultrasonico (ultrásongicos) detecta objetos cercanos mediante el emision de ondas sonoras que se reflejan cuando chocan con algo, lo cual permite medir la distancia al objeto desde su origen.Los sensores ultrasónicofueron diseñados para aplicaciones como navegación y detección en vehículos autónomossiempre han sido utilizandose de manera innovadora tecnológica. En un robot móvil educativo, el sensor ultrasonico podría usarse tanto  a la vez como una barra sonora delanterizadorecuperar al robots cuando se acerca y detectando obstáculos en su camino que permita moverse libremente dentro de las áreas circundantes",2.0296141,4.086824099999944,0.147707,52,160,1.6929034,94.51218539699312,626,
2026-06-02T17:04:13.111540,variacion_parametros,llama3.2:3b,repeat_penalty,1.5,6,Explica en máximo 120 palabras qué es un sensor ultrasónico y cómo podría usarse en un robot móvil educativo.,0.7,0.9,40,0.0,4096,160,1.5,"Unsensor ultrasonico detecta objetos a pocos metros de distancia mediante ondas sonoras que se emiten desde el dispositivo, lo cual crea una ""onda de reflejo"" cuando choca con algo cerca del sensor.

En robots movibles educationalistas, los sensores ultrasónicos pueden usarse para:

* Medir la distencia a objetos cercanos.
*Mantener distancia segura y evitar colisiones.",1.288116,3.3102616999999555,0.1453501,52,91,1.0283545,88.49088519571801,372,
2026-06-02T17:04:16.422167,variacion_parametros,llama3.2:3b,repeat_penalty,1.5,7,Explica en máximo 120 palabras qué es un sensor ultrasónico y cómo podría usarse en un robot móvil educativo.,0.7,0.9,40,0.0,4096,160,1.5,"Un sensor ultrasonico es una tecnología que emite ondas sonoras de alta frecuencia, las cuales se reflejan cuando chocan con objetos cercanos a la fuente del sonido (en este caso el transductor). El tiempo y distancia entre los dos eventos permitimos calcular distancias precisas. En un robot móvil educativo podría utilizarse para medir distances desde otros robots o juguetes, lo que le permite interactuar de manera segura con su entorno.

Este sensor es ideal porque no requiere contacto físico ni emisione luminosa y ayuda a mantener la seguridad en el diseño del mismo.",1.7535461,3.8106158000000505,0.150043,52,133,1.4386691,92.44655355425371,575,
2026-06-02T17:04:20.233084,variacion_parametros,llama3.2:3b,repeat_penalty,1.5,8,Explica en máximo 120 palabras qué es un sensor ultrasónico y cómo podría usarse en un robot móvil educativo.,0.7,0.9,40,0.0,4096,160,1.5,"Un sensor ultrasonico es una tecnologia que utiliza ondas sonoras de alta frecuencia para medir la distancia a objetos cercanos, permitiendo detectar obstaculos o cambios ambientales.

En el contexto del uso dentro de robots movibles docentes; los sensores ultrasónicos pueden ayudarse en tareas como:

*   Navegación: al ser capaz que detección y mapeo de su entorno a medida camina.
  *Puesta sobre obstáculos para evitar colisiones con elementos físicas.",1.5652812,3.614534400000025,0.1499419,52,117,1.2726375,91.93505613342369,457,
2026-06-02T17:04:23.848040,variacion_parametros,llama3.2:3b,repeat_penalty,1.5,9,Explica en máximo 120 palabras qué es un sensor ultrasónico y cómo podría usarse en un robot móvil educativo.,0.7,0.9,40,0.0,4096,160,1.5,"Un sensor ultrasonico (ultrasonic) utiliza ondas sonoras de alta frecuencia para medir la distancia a objetos cercanos. Funciona emitiendo unaonda pulso, detectando el tiempo que tarda hasta recibir su reflejo y calculándola en metros.

En un robot móvil educativo podría usarse como detector obstáculo o objeto cerca del robots lo cual le permitirá no chocar con nada ahi está la distancia para evitar daños al mismo.",1.4176296,3.4751618000000235,0.1544838,52,103,1.1365272,90.6269555185305,418,
2026-06-02T17:04:27.323245,variacion_parametros,llama3.2:3b,repeat_penalty,1.5,10,Explica en máximo 120 palabras qué es un sensor ultrasónico y cómo podría usarse en un robot móvil educativo.,0.7,0.9,40,0.0,4096,160,1.5,"Unsensor ultrasonico utiliza ondas de sonido para detectar objetos a una distancia determinada, generando retroalimentación por medio del tiempo que tardan estas lastimas llegas al receptor.

En robots mobileseducativos se puede utilizar como sensor táctil en el camino.",0.9603321,3.007946199999992,0.1513467,52,61,0.7192199,84.81411596091822,270,
2026-06-02T17:04:30.331757,variacion_parametros,llama3.2:3b,repeat_penalty,1.5,11,Explica en máximo 120 palabras qué es un sensor ultrasónico y cómo podría usarse en un robot móvil educativo.,0.7,0.9,40,0.0,4096,160,1.5,"Un sensores ultrasonicos son dispositivos que emiten impulsos de onda alta frecuencia para detectar obstáculos cercanos, mediante la medición del tiempo entre el impulso emitido por su propio sensor y los reflejos recibidos.

En un robot móvil educativo se puede utilizar como parte integrante a través 1) De detección obstructions. Pueden ser colocados en las laterales o frente para detectar obstáculos, lo que permite al robots moverse con mayor seguridad; además de permitir la implementación por programaciones predefinidas sobre comportamientos cuando se encuentren Obstaculización",1.7555084,3.8340681999999333,0.1413578,52,137,1.4507577,94.4334122782874,587,
2026-06-02T17:04:34.165981,variacion_parametros,llama3.2:3b,repeat_penalty,1.5,12,Explica en máximo 120 palabras qué es un sensor ultrasónico y cómo podría usarse en un robot móvil educativo.,0.7,0.9,40,0.0,4096,160,1.5,"Un sensor ultrasonico (ultrasonic) emite sonido a frecuencias altas que no se pueden escuchar, luego mide el tiempo entre la transmision de estos sons e inclusive registra su retroceso para obtener una distancia precisa con respecto al objeto cercano.

En un robot móvil educativo es muy útil como detector de obstáculos o objetos cerca del sistema y puede ser utilizado en aplicaciones donde se requiere control básico, detectar límites físicos u otros sistemas automatizados que involucran navegación.",1.5369299,3.579222200000004,0.1487447,52,115,1.2429142,92.52448801373417,503,
2026-06-02T17:04:37.746008,variacion_parametros,llama3.2:3b,repeat_penalty,1.5,13,Explica en máximo 120 palabras qué es un sensor ultrasónico y cómo podría usarse en un robot móvil educativo.,0.7,0.9,40,0.0,4096,160,1.5,"Un sensor ultrasonico detecta la proximidad de objetos utilizando ondas sonoras de alta frecuencia, que se disipan cuando chocar con algo. El sensores emite una señal de salida repetidamente y mide el tiempo entre las salidas para calcular distancias.

En un robot móvil educativo puede ser utilizado en varias aplicaciones:

*   Medir la distancia hasta objetos o paredes.
    *Se pueden utilizar botones con luces LED que indican si se acercó al objeto.",1.503878,3.5637590000000046,0.1477049,52,113,1.2068602,93.63139160608661,455,
2026-06-02T17:04:41.310044,variacion_parametros,llama3.2:3b,repeat_penalty,1.5,14,Explica en máximo 120 palabras qué es un sensor ultrasónico y cómo podría usarse en un robot móvil educativo.,0.7,0.9,40,0.0,4096,160,1.5,"Unsensor ultrasonico está diseñado para detectar objetos cercanos mediante la emisión de sonidos altos frecuencia, que viajan hasta el objeto y se refleja nuevamente hacia los sensores del dispositivo.

En robots movibles educativos es muy común utilizar sensores ultrasónicos como detectores o ""radares"" para evitar colisionar con objetos cercanos. Estas antena permiten detectados la proximidad de estos y así el robot podría detenerse, girarse en su eje central 120 gradales hasta un lugar seguro donde pueda seguir adelante",1.7160906,3.7518428000000767,0.1464227,52,128,1.4013545,91.34019978527917,527,
2026-06-02T17:04:45.062375,variacion_parametros,llama3.2:3b,repeat_penalty,1.5,15,Explica en máximo 120 palabras qué es un sensor ultrasónico y cómo podría usarse en un robot móvil educativo.,0.7,0.9,40,0.0,4096,160,1.5,"Un sensor ultrasonico (o sonar) detecta obstaculos cercanos utilizando ondas de ultrasound que emiten a través del aire o el agua, luego miden la tiempo entre su emitción hasta cuando se reflejan contra una superficie y regresan al senso. Al calcular esta diferencia en tiempos ayuda determinar distancia.

En un robot móvil educativo podría usarse para detectar obstaculos como paredes u objetos cercanos permitiendo que el robots mantenga la estabilidad o evite chocarlo con ellos, lo cual es útil a medida de avanzada del proyecto.",1.739311,3.799404500000037,0.1496604,52,129,1.4258365,90.47320643005001,534,
2026-06-02T17:04:48.862015,variacion_parametros,llama3.2:3b,repeat_penalty,1.5,16,Explica en máximo 120 palabras qué es un sensor ultrasónico y cómo podría usarse en un robot móvil educativo.,0.7,0.9,40,0.0,4096,160,1.5,"Unsensor ultrasonico es una pieza electrónica que emite impulsos de sonido a alta frecuencia, detecta los reflejos del objeto cercano e indica la distancia desde el dispositivo al receptor.

En robots moviles educationalmente se usa para establecer un sistema de detección y seguimiento. El sensor ultrasonico permite una mayor seguridad en su circulacion dando aviso si hay algo cerca o lo que puede causar accidentes como obstaculos, cables solos con energía activa u otros dispositivos inmovilizados.

Es altamente recomendable para robots educativos ya es económica y fácil de utilizar.",1.8437686,3.8993985999999268,0.1493422,52,135,1.5204903,88.78714977662139,590,
2026-06-02T17:04:52.761930,variacion_parametros,llama3.2:3b,repeat_penalty,1.5,17,Explica en máximo 120 palabras qué es un sensor ultrasónico y cómo podría usarse en un robot móvil educativo.,0.7,0.9,40,0.0,4096,160,1.5,"Un sensor ultrasonico es una herramienta que emite ondas sonoras a alta frecuencia e identifica objetos cercanos mediante el reflejo de estas mismas ondas. Estos sensores se utilizan para medir la distancia desde su fuente y pueden ser programados en robots educativos como parte del sistema de detección, permitiendo que detecten obstáculos o señales a una cierta altura.

Este sensor podría usarse con un robot móvil educativo para crear patrones básicos de movimiento basado en las distancias reconocidas. Por ejemplo: si el objeto está más cerca y se identifica como peligrooso, puede moverse hacia la izquierda u otra dirección o detener su avance cuando llegue a una distancia",1.9903272,4.060271600000078,0.1510228,52,160,1.6548308,96.68662197972142,682,
2026-06-02T17:04:56.822387,variacion_parametros,llama3.2:3b,repeat_penalty,1.5,18,Explica en máximo 120 palabras qué es un sensor ultrasónico y cómo podría usarse en un robot móvil educativo.,0.7,0.9,40,0.0,4096,160,1.5,"Unsensor ultrasonico (ultrasonic sensors) mide la distancia desde el objeto hasta él mediante ondas sonoras de alta frecuencia que se emiten hacia afuera, detectando cuando vuelven a entrar al sensor y miden su tiempo para calcular esa distencia.

En un robot móvil educativo este dispositivo podría servir como ""rueda"" del sistema. Mediante esta sensores el vehículo puede recorrer lineas de puntos en línea o curvas circulares, detectando obstáculos que le interpongan una distancia determinada para no chocar con ellos y poder seguir adelanto usando la información sensorial adquirida por este dispositivo.

El uso del ultrasonico también es útil al evitar colisiones entre el vehículo",2.0283154,4.101667800000087,0.1438262,52,160,1.6970131,94.28330282188158,688,
2026-06-02T17:05:00.924504,variacion_parametros,llama3.2:3b,repeat_penalty,1.5,19,Explica en máximo 120 palabras qué es un sensor ultrasónico y cómo podría usarse en un robot móvil educativo.,0.7,0.9,40,0.0,4096,160,1.5,"Un sensor ultrasonico es una tecnología que emite ondas de sonido por parte del dispositivo, detecta el reflejo cuando la misma se cruza con algo y mide su distancia a través del rango adecuado para ese tipo de objeto en cuestión. Este valor viene representando las distancias desde un punto fijo hasta otro más alejada o cercana.

En robots educativos, los sensores ultrasonicos son útiles porque proporcionan una forma sencilla y segura de medir la distancia entre el robot y sus entornos, lo cual es crucial para evitar obstáculos u otros posibles daños.",1.7968847,3.8404749999999694,0.1443342,52,139,1.4923542,93.14142714913122,557,
2026-06-02T17:05:04.765287,variacion_parametros,llama3.2:3b,repeat_penalty,1.5,20,Explica en máximo 120 palabras qué es un sensor ultrasónico y cómo podría usarse en un robot móvil educativo.,0.7,0.9,40,0.0,4096,160,1.5,"Un sensores ultrasonicos son dispositivos que emiten ondas de alta frecuencia, detectan las reflejas cuando chocan con objetos cercanos a ellos e interpretas los datos para medir la distancia entre el dispositivo y dicho objeto . El sensor ultrasónico se puede utilizar en un robot móvil educativo como una herramienta de detección del entorno. Puedes ser utilizado por ejemplo,  detectar obstáculos al moverse o apagar cuando quedes a muy poca altura sobre los pasamanos para evitar chocarse y así prevenir accidentas",1.6264618,3.675813000000062,0.1449571,52,125,1.3242698,94.39164134076002,518,
2026-06-02T17:05:08.441513,variacion_parametros,llama3.2:3b,repeat_penalty,1.5,21,Explica en máximo 120 palabras qué es un sensor ultrasónico y cómo podría usarse en un robot móvil educativo.,0.7,0.9,40,0.0,4096,160,1.5,"Un sensores ultrasonicos son dispositivos que emiten ondas de alta frecuencia (por lo general, entre 20 kHz a 40 KHz) para detectar obstáculos o objetos cercanos utilizando el principio del eco-detección.

En un robot móvil educativo se podría utilizar uno como ""sensores"" situados en los bordes y pies frontales de la plataforma. Cuando una onda ultrasonica es emitida, si hay algo cerca puede detectarla para evitar colisione con obstáculos o mantener su estabilidad por tierras inestables",1.6375639,3.7284552999999505,0.1460079,52,124,1.3343025,92.93244972560571,491,
2026-06-02T17:05:12.170142,variacion_parametros,llama3.2:3b,repeat_penalty,1.5,22,Explica en máximo 120 palabras qué es un sensor ultrasónico y cómo podría usarse en un robot móvil educativo.,0.7,0.9,40,0.0,4096,160,1.5,"Un sensor ultrasonico utiliza ondas de sonido para medir la distancia a una superficie o objeto cercano, permitiendo detectar obstaculos por adelantado.

En robots movibles como el mencionadopuede ser utilizado en aplicaciones del sistema ""modo aviso"" cuando se acerca al borde.",0.9994808,3.063003299999991,0.1454046,52,69,0.7514391,91.82380847629568,278,
2026-06-02T17:05:15.233772,variacion_parametros,llama3.2:3b,repeat_penalty,1.5,23,Explica en máximo 120 palabras qué es un sensor ultrasónico y cómo podría usarse en un robot móvil educativo.,0.7,0.9,40,0.0,4096,160,1.5,"Un sensor ultrasonico (ultrasonic) utiliza ondas sonoras de alta frecuencia para detectar objetos cercanos a su ubicación, permitiendo medir la distancia entre el objeto o punto objetivo.

En robots eductivos puede ser utilizado como componente fundamental en sensores del entorno. El robot emite y registra las ultrasonicos que se reflejan desde cualquier obstáculo físico alrededor de él para determinar su ubicación exacta, permitiendo a los estudiantes aprender sobre la mecánica básicas mediante el uso diario de este sensor en una plataforma educativa móvil.",1.6876533,3.7362880999999106,0.1446703,52,129,1.3963476,92.3838734710469,564,
2026-06-02T17:05:18.970425,variacion_parametros,llama3.2:3b,repeat_penalty,1.5,24,Explica en máximo 120 palabras qué es un sensor ultrasónico y cómo podría usarse en un robot móvil educativo.,0.7,0.9,40,0.0,4096,160,1.5,"Un sensores ultrasonico son dispositivos que emiten ondas de alta frecuencia para detectar objetos cercanos, permitiendo medir la distancia entre el dispositivo e cualquier objeto presente.

En robots mecánicos utilizamos este sensor con fines como: evitar obstáculos al avanzarse por un espacio determinado. La combinación del sensores ultrasonico y otros sistemas puede mejorar aún más las capacidades de detectar objetos cercanos en diferentes ángulos, lo cual es útil para una mejor navegabilidad.

El uso amplio se relaciona con aplicaciones como robótica industrial o robots educativos donde la seguridad por parte del dispositivo no sufre pérdida.",1.7997021,3.861922399999912,0.1582535,52,143,1.4757517,96.89976979189656,654,
2026-06-02T17:05:22.832701,variacion_parametros,llama3.2:3b,repeat_penalty,1.5,25,Explica en máximo 120 palabras qué es un sensor ultrasónico y cómo podría usarse en un robot móvil educativo.,0.7,0.9,40,0.0,4096,160,1.5,"Unsensor ultrasonico detecta objetos cercanos mediante ondas de sonido infrarrojas que se emiten desde el dispositivo hacia la superficie del objeto, regresando como reflejos cuando chocan con algo y volviendose a percibir en un sensor especializado. Este tipo de sensores pueden usarse para detectar distancia entre objetos cercanos o incluso límites físicos.

En robots educativos móviles este dispositivo puede ser útil, por ejemplo:

*   Para evitar obstáculos durante la exploración
*    Detectando el espacio libre a su alrededor.",1.6798321,3.7246542999998837,0.1503384,52,128,1.3791232,92.81259281259281,536,
2026-06-02T17:05:26.557756,variacion_parametros,llama3.2:3b,repeat_penalty,1.5,26,Explica en máximo 120 palabras qué es un sensor ultrasónico y cómo podría usarse en un robot móvil educativo.,0.7,0.9,40,0.0,4096,160,1.5,"Un sensor ultrasonico (tambien conocido como sonar) emite una onda de audio que se refleja con objetos cercanos, permitiendo detectarlo a través del tiempo de vuelta para el objeto hasta la fuente original.
Esto puede usarse en un robot móvil educativo. El sensor ultrasonico podría ser utilizado por el sistema robótica como ""lado"" y ajustar su distancia al muro o superficie plana, evitando obstáculos a medida que se mueve entre ellos.

Algunos ejemplos de cómo esto puede usarse son:

- Evitar colisiones con objetos inmovibles.
-Ajuste la posición en el camino cuando detectan una pared cercana.",1.9526845,4.005176399999982,0.1416711,52,156,1.629666,95.72513631627585,600,
2026-06-02T17:05:30.563256,variacion_parametros,llama3.2:3b,repeat_penalty,1.5,27,Explica en máximo 120 palabras qué es un sensor ultrasónico y cómo podría usarse en un robot móvil educativo.,0.7,0.9,40,0.0,4096,160,1.5,"Un sensor ultrasonico utiliza ondas de sonido para detectar objetos a una distancia determinada, comúnmente entre los dos metros alrededor del vehículo (en el caso que nos ocupa). Estas distancias se miden mediante la velocidad y duración tiempo necesario por las señales en ambientes bien iluminados. En un robot móvil educativo podría utilizarse como una herramienta de detección para evitar obstáculos, detectar objetos cercanos o incluso medir el espacio a su alrededor permitiendo que avance sin chocarlo con nada ni se acerque demasiado y por lo tanto hacerlo en cualquier lugar donde esté.",1.7849274,3.8522129000000405,0.1431947,52,142,1.4709412,96.53682961630281,596,
2026-06-02T17:05:34.415567,variacion_parametros,llama3.2:3b,repeat_penalty,1.5,28,Explica en máximo 120 palabras qué es un sensor ultrasónico y cómo podría usarse en un robot móvil educativo.,0.7,0.9,40,0.0,4096,160,1.5,"Un sensor ultrasonico, también conocido como radares de distancia o sensores Doppler láser (LIDAR), emite ondas sonoras que se reflejan cuando chocan con objetos cercanos y vuelven al dispositivo para medir la velocidad del retorno. Esto permite calcular las distancias en 3D a los obstáculos.

En un robot móvil educativo, este sensor puede usarse de varias maneras:

- Controlar el movimiento: El rango ajusta cuánto se mueve.
 - Evitar colisiones
 - Navegar por espacios cerrados",1.7049904,3.767524999999978,0.1521425,52,129,1.4015373,92.04178868446812,482,
2026-06-02T17:05:38.183625,variacion_parametros,llama3.2:3b,repeat_penalty,1.5,29,Explica en máximo 120 palabras qué es un sensor ultrasónico y cómo podría usarse en un robot móvil educativo.,0.7,0.9,40,0.0,4096,160,1.5,"Unsensor ultrasonico utiliza ondas sonoras de alta frecuencia para detectar objetos cercanos a su posición actual, permitiendo determina si el objeto está frente o atrás al dispositivo que lo contiene.

En robots móbiles educateativos se pueden utilizar sensores ultrasónicos como componentes del sistema sensorial. Permite una mayor flexibilidad en la navegación y evita colisionar con obstáculos mientras avanza por un espacio, proporcionando información de distancia real a tiempo para ajuste más eficiente al entorno circundante.

Aprender sobre sensores ultrasónicos es fundamental el aprendizaje práctico del desarrollo robotético.",1.7667788,3.821967799999811,0.1427307,52,142,1.4588853,97.3345882640671,637,
2026-06-02T17:05:42.005843,variacion_parametros,llama3.2:3b,repeat_penalty,1.5,30,Explica en máximo 120 palabras qué es un sensor ultrasónico y cómo podría usarse en un robot móvil educativo.,0.7,0.9,40,0.0,4096,160,1.5,"Un sensor ultrasonico (también conocido como sonar) emite ondas de sonido que se reflejan contra objetos cercanos, permitiendo medir la distancia desde el dispositivo hasta ese objeto con una precisión aceptable.

En robots móviles educativos puede utilizarse un sensores ultrasónico para detecta obstáculos. Estos dispositivos pueden ser montados en alturas o inclinadas y emiten pulsaciones de sonido a intervalo constante, lo que permite medir la distancia desde el objeto más cercano.

Estas tecnologías están útiles por su facilidad uso simple e inusualmente económicas",1.7987537,3.8516729999998915,0.1432189,52,139,1.492443,93.13588525658936,574,
